task_key,house_index,target_synset,success,episode_length,expert_length,broad_target_ids_json,broad_target_count,candidate_asset_bbox_count,physical_size_volume,physical_size_max_side,physical_size_status,failure_termination_type,initial_target_distance,max_nav_visible_pixels,has_agent_been_in_room,raw_source_status
ObjectNavType/val/013653/raw_navigation_camera__0.mp4,13653,alarm_clock.n.01,True,28,30,"[""AlarmClock|4|5""]",1,0,,,UNVALIDATED_METADATA_GATE_BLOCKED,NOT_DERIVED_GATE_BLOCKED,,,True,EXISTING_HISTORICAL_EVIDENCE_NO_NEW_ROLLOUT
ObjectNavType/val/013125/raw_navigation_camera__0.mp4,13125,bowl.n.03,True,61,60,"[""Bowl|4|24"", ""Bowl|6|40""]",2,0,,,UNVALIDATED_METADATA_GATE_BLOCKED,NOT_DERIVED_GATE_BLOCKED,,,True,EXISTING_HISTORICAL_EVIDENCE_NO_NEW_ROLLOUT
ObjectNavType/val/011157/raw_navigation_camera__0.mp4,11157,straight_chair.n.01,True,21,27,"[""chair-diningtable-2|4|1|1"", ""chair-diningtable-2|4|1|2"", ""chair-diningtable-4|5|2|1"", ""chair-diningtable-4|5|2|2"", ""chair-diningtable-4|5|2|3"", ""chair-diningtable-4|5|2|4"", ""chair-diningtable|2|2|1"", ""desk-with-chair|6|2|1""]",8,0,,,UNVALIDATED_METADATA_GATE_BLOCKED,NOT_DERIVED_GATE_BLOCKED,,,True,EXISTING_HISTORICAL_EVIDENCE_NO_NEW_ROLLOUT
ObjectNavType/val/002986/raw_navigation_camera__0.mp4,2986,mug.n.04,False,47,84,"[""ObjaMug|2|1""]",1,1,,,UNVALIDATED_METADATA_GATE_BLOCKED,NOT_DERIVED_GATE_BLOCKED,,,False,EXISTING_HISTORICAL_EVIDENCE_NO_NEW_ROLLOUT
ObjectNavType/val/010940/raw_navigation_camera__0.mp4,10940,basketball.n.02,True,81,71,"[""ObjaBasketball|6|45"", ""ObjaBasketball|8|65""]",2,2,,,UNVALIDATED_METADATA_GATE_BLOCKED,NOT_DERIVED_GATE_BLOCKED,,,True,EXISTING_HISTORICAL_EVIDENCE_NO_NEW_ROLLOUT
ObjectNavType/val/011549/raw_navigation_camera__0.mp4,11549,ashcan.n.01,True,92,82,"[""ObjaTrashCan|5|2""]",1,1,,,UNVALIDATED_METADATA_GATE_BLOCKED,NOT_DERIVED_GATE_BLOCKED,,,True,EXISTING_HISTORICAL_EVIDENCE_NO_NEW_ROLLOUT
ObjectNavType/val/011131/raw_navigation_camera__0.mp4,11131,atomizer.n.01,True,35,48,"[""SprayBottle|3|15""]",1,0,,,UNVALIDATED_METADATA_GATE_BLOCKED,NOT_DERIVED_GATE_BLOCKED,,,True,EXISTING_HISTORICAL_EVIDENCE_NO_NEW_ROLLOUT
ObjectNavType/val/013549/raw_navigation_camera__0.mp4,13549,ashcan.n.01,True,6,15,"[""ObjaTrashCan|5|2""]",1,1,,,UNVALIDATED_METADATA_GATE_BLOCKED,NOT_DERIVED_GATE_BLOCKED,,,True,EXISTING_HISTORICAL_EVIDENCE_NO_NEW_ROLLOUT
ObjectNavType/val/014901/raw_navigation_camera__0.mp4,14901,straight_chair.n.01,True,11,15,"[""chair-diningtable-2|3|2|1"", ""chair-diningtable-2|3|2|2""]",2,0,,,UNVALIDATED_METADATA_GATE_BLOCKED,NOT_DERIVED_GATE_BLOCKED,,,True,EXISTING_HISTORICAL_EVIDENCE_NO_NEW_ROLLOUT
ObjectNavType/val/014636/raw_navigation_camera__0.mp4,14636,alarm_clock.n.01,True,28,31,"[""AlarmClock|7|63""]",1,0,,,UNVALIDATED_METADATA_GATE_BLOCKED,NOT_DERIVED_GATE_BLOCKED,,,True,EXISTING_HISTORICAL_EVIDENCE_NO_NEW_ROLLOUT
ObjectNavType/val/012507/raw_navigation_camera__0.mp4,12507,alarm_clock.n.01,True,50,44,"[""AlarmClock|5|33"", ""AlarmClock|6|50""]",2,0,,,UNVALIDATED_METADATA_GATE_BLOCKED,NOT_DERIVED_GATE_BLOCKED,,,True,EXISTING_HISTORICAL_EVIDENCE_NO_NEW_ROLLOUT
ObjectNavType/val/014945/raw_navigation_camera__0.mp4,14945,atomizer.n.01,True,13,18,"[""SprayBottle|2|14""]",1,0,,,UNVALIDATED_METADATA_GATE_BLOCKED,NOT_DERIVED_GATE_BLOCKED,,,True,EXISTING_HISTORICAL_EVIDENCE_NO_NEW_ROLLOUT
ObjectNavType/val/014446/raw_navigation_camera__0.mp4,14446,atomizer.n.01,True,9,14,"[""SprayBottle|7|38""]",1,0,,,UNVALIDATED_METADATA_GATE_BLOCKED,NOT_DERIVED_GATE_BLOCKED,,,True,EXISTING_HISTORICAL_EVIDENCE_NO_NEW_ROLLOUT
ObjectNavType/val/011865/raw_navigation_camera__0.mp4,11865,vase.n.01,True,21,67,"[""Vase|4|9"", ""Vase|8|56""]",2,0,,,UNVALIDATED_METADATA_GATE_BLOCKED,NOT_DERIVED_GATE_BLOCKED,,,False,EXISTING_HISTORICAL_EVIDENCE_NO_NEW_ROLLOUT
ObjectNavType/val/012350/raw_navigation_camera__0.mp4,12350,laptop.n.01,True,21,33,"[""Laptop|4|11"", ""Laptop|9|62""]",2,0,,,UNVALIDATED_METADATA_GATE_BLOCKED,NOT_DERIVED_GATE_BLOCKED,,,False,EXISTING_HISTORICAL_EVIDENCE_NO_NEW_ROLLOUT
ObjectNavType/val/013980/raw_navigation_camera__0.mp4,13980,bed.n.01,True,22,28,"[""Bed|6|1"", ""double-pillow|4|1|0""]",2,0,,,UNVALIDATED_METADATA_GATE_BLOCKED,NOT_DERIVED_GATE_BLOCKED,,,False,EXISTING_HISTORICAL_EVIDENCE_NO_NEW_ROLLOUT
ObjectNavType/val/013634/raw_navigation_camera__0.mp4,13634,vase.n.01,True,12,19,"[""Vase|2|10""]",1,0,,,UNVALIDATED_METADATA_GATE_BLOCKED,NOT_DERIVED_GATE_BLOCKED,,,True,EXISTING_HISTORICAL_EVIDENCE_NO_NEW_ROLLOUT
ObjectNavType/val/014330/raw_navigation_camera__0.mp4,14330,sofa.n.01,True,25,32,"[""Sofa|3|0""]",1,0,,,UNVALIDATED_METADATA_GATE_BLOCKED,NOT_DERIVED_GATE_BLOCKED,,,True,EXISTING_HISTORICAL_EVIDENCE_NO_NEW_ROLLOUT
ObjectNavType/val/013886/raw_navigation_camera__0.mp4,13886,bed.n.01,True,8,15,"[""Bed|4|1""]",1,0,,,UNVALIDATED_METADATA_GATE_BLOCKED,NOT_DERIVED_GATE_BLOCKED,,,False,EXISTING_HISTORICAL_EVIDENCE_NO_NEW_ROLLOUT
ObjectNavType/val/013415/raw_navigation_camera__0.mp4,13415,television_receiver.n.01,True,69,59,"[""8|4"", ""9|1""]",2,0,,,UNVALIDATED_METADATA_GATE_BLOCKED,NOT_DERIVED_GATE_BLOCKED,,,True,EXISTING_HISTORICAL_EVIDENCE_NO_NEW_ROLLOUT
ObjectNavType/val/009839/raw_navigation_camera__0.mp4,9839,mug.n.04,True,23,32,"[""ObjaMug|6|4""]",1,1,,,UNVALIDATED_METADATA_GATE_BLOCKED,NOT_DERIVED_GATE_BLOCKED,,,True,EXISTING_HISTORICAL_EVIDENCE_NO_NEW_ROLLOUT
ObjectNavType/val/012793/raw_navigation_camera__0.mp4,12793,alarm_clock.n.01,True,75,74,"[""AlarmClock|4|6""]",1,0,,,UNVALIDATED_METADATA_GATE_BLOCKED,NOT_DERIVED_GATE_BLOCKED,,,True,EXISTING_HISTORICAL_EVIDENCE_NO_NEW_ROLLOUT
ObjectNavType/val/013027/raw_navigation_camera__0.mp4,13027,straight_chair.n.01,True,19,25,"[""chair-diningtable|6|3|1"", ""chair-diningtable|7|0|1"", ""desk-with-chair|4|3|1""]",3,0,,,UNVALIDATED_METADATA_GATE_BLOCKED,NOT_DERIVED_GATE_BLOCKED,,,True,EXISTING_HISTORICAL_EVIDENCE_NO_NEW_ROLLOUT
ObjectNavType/val/008027/raw_navigation_camera__0.mp4,8027,basketball.n.02,True,7,16,"[""ObjaBasketball|2|3""]",1,1,,,UNVALIDATED_METADATA_GATE_BLOCKED,NOT_DERIVED_GATE_BLOCKED,,,True,EXISTING_HISTORICAL_EVIDENCE_NO_NEW_ROLLOUT
ObjectNavType/val/012785/raw_navigation_camera__0.mp4,12785,straight_chair.n.01,True,7,19,"[""chair-diningtable-2|4|5|1"", ""chair-diningtable-2|4|5|2"", ""chair-diningtable-2|8|3|1"", ""chair-diningtable-2|8|3|2""]",4,0,,,UNVALIDATED_METADATA_GATE_BLOCKED,NOT_DERIVED_GATE_BLOCKED,,,True,EXISTING_HISTORICAL_EVIDENCE_NO_NEW_ROLLOUT
ObjectNavType/val/013639/raw_navigation_camera__0.mp4,13639,sofa.n.01,True,45,58,"[""Sofa|7|1""]",1,0,,,UNVALIDATED_METADATA_GATE_BLOCKED,NOT_DERIVED_GATE_BLOCKED,,,True,EXISTING_HISTORICAL_EVIDENCE_NO_NEW_ROLLOUT
ObjectNavType/val/014592/raw_navigation_camera__0.mp4,14592,television_receiver.n.01,True,32,40,"[""4|5"", ""television-sofa|3|0|2"", ""television|7|5|1"", ""television|8|2|1""]",4,0,,,UNVALIDATED_METADATA_GATE_BLOCKED,NOT_DERIVED_GATE_BLOCKED,,,True,EXISTING_HISTORICAL_EVIDENCE_NO_NEW_ROLLOUT
ObjectNavType/val/014643/raw_navigation_camera__0.mp4,14643,straight_chair.n.01,True,23,27,"[""chair-diningtable-2|6|4|1"", ""chair-diningtable-2|6|4|2"", ""chair-diningtable-3|4|3|1"", ""chair-diningtable-3|4|3|2"", ""chair-diningtable-3|4|3|3""]",5,0,,,UNVALIDATED_METADATA_GATE_BLOCKED,NOT_DERIVED_GATE_BLOCKED,,,True,EXISTING_HISTORICAL_EVIDENCE_NO_NEW_ROLLOUT
ObjectNavType/val/013489/raw_navigation_camera__0.mp4,13489,basketball.n.02,True,22,37,"[""ObjaBasketball|4|4""]",1,1,,,UNVALIDATED_METADATA_GATE_BLOCKED,NOT_DERIVED_GATE_BLOCKED,,,True,EXISTING_HISTORICAL_EVIDENCE_NO_NEW_ROLLOUT
ObjectNavType/val/011881/raw_navigation_camera__0.mp4,11881,apple.n.01,True,26,30,"[""Apple|2|8""]",1,0,,,UNVALIDATED_METADATA_GATE_BLOCKED,NOT_DERIVED_GATE_BLOCKED,,,True,EXISTING_HISTORICAL_EVIDENCE_NO_NEW_ROLLOUT
ObjectNavType/val/013819/raw_navigation_camera__0.mp4,13819,ashcan.n.01,True,40,49,"[""GarbageCan|4|2"", ""ObjaTrashCan|5|1""]",2,1,,,UNVALIDATED_METADATA_GATE_BLOCKED,NOT_DERIVED_GATE_BLOCKED,,,True,EXISTING_HISTORICAL_EVIDENCE_NO_NEW_ROLLOUT
ObjectNavType/val/014397/raw_navigation_camera__0.mp4,14397,apple.n.01,True,296,103,"[""Apple|2|22""]",1,0,,,UNVALIDATED_METADATA_GATE_BLOCKED,NOT_DERIVED_GATE_BLOCKED,,,True,EXISTING_HISTORICAL_EVIDENCE_NO_NEW_ROLLOUT
ObjectNavType/val/013449/raw_navigation_camera__0.mp4,13449,houseplant.n.01,True,9,17,"[""HousePlant|2|47"", ""HousePlant|6|20""]",2,0,,,UNVALIDATED_METADATA_GATE_BLOCKED,NOT_DERIVED_GATE_BLOCKED,,,True,EXISTING_HISTORICAL_EVIDENCE_NO_NEW_ROLLOUT
ObjectNavType/val/011535/raw_navigation_camera__0.mp4,11535,atomizer.n.01,True,37,61,"[""SprayBottle|5|18"", ""SprayBottle|8|44""]",2,0,,,UNVALIDATED_METADATA_GATE_BLOCKED,NOT_DERIVED_GATE_BLOCKED,,,False,EXISTING_HISTORICAL_EVIDENCE_NO_NEW_ROLLOUT
ObjectNavType/val/013668/raw_navigation_camera__0.mp4,13668,sofa.n.01,True,22,37,"[""Sofa|2|0""]",1,0,,,UNVALIDATED_METADATA_GATE_BLOCKED,NOT_DERIVED_GATE_BLOCKED,,,True,EXISTING_HISTORICAL_EVIDENCE_NO_NEW_ROLLOUT
ObjectNavType/val/014947/raw_navigation_camera__0.mp4,14947,laptop.n.01,True,34,46,"[""Laptop|9|46"", ""ObjaLaptop|4|0""]",2,1,,,UNVALIDATED_METADATA_GATE_BLOCKED,NOT_DERIVED_GATE_BLOCKED,,,True,EXISTING_HISTORICAL_EVIDENCE_NO_NEW_ROLLOUT
ObjectNavType/val/013426/raw_navigation_camera__0.mp4,13426,apple.n.01,True,397,83,"[""Apple|2|16""]",1,0,,,UNVALIDATED_METADATA_GATE_BLOCKED,NOT_DERIVED_GATE_BLOCKED,,,True,EXISTING_HISTORICAL_EVIDENCE_NO_NEW_ROLLOUT
ObjectNavType/val/013391/raw_navigation_camera__0.mp4,13391,laptop.n.01,True,1,26,"[""Laptop|3|24""]",1,0,,,UNVALIDATED_METADATA_GATE_BLOCKED,NOT_DERIVED_GATE_BLOCKED,,,True,EXISTING_HISTORICAL_EVIDENCE_NO_NEW_ROLLOUT
ObjectNavType/val/012370/raw_navigation_camera__0.mp4,12370,laptop.n.01,True,10,17,"[""Laptop|4|9"", ""Laptop|6|32""]",2,0,,,UNVALIDATED_METADATA_GATE_BLOCKED,NOT_DERIVED_GATE_BLOCKED,,,True,EXISTING_HISTORICAL_EVIDENCE_NO_NEW_ROLLOUT
ObjectNavType/val/013923/raw_navigation_camera__0.mp4,13923,television_receiver.n.01,True,40,49,"[""4|6"", ""7|6"", ""television|3|2|1""]",3,0,,,UNVALIDATED_METADATA_GATE_BLOCKED,NOT_DERIVED_GATE_BLOCKED,,,True,EXISTING_HISTORICAL_EVIDENCE_NO_NEW_ROLLOUT
ObjectNavType/val/013169/raw_navigation_camera__0.mp4,13169,bowl.n.03,True,27,32,"[""Bowl|2|5""]",1,0,,,UNVALIDATED_METADATA_GATE_BLOCKED,NOT_DERIVED_GATE_BLOCKED,,,True,EXISTING_HISTORICAL_EVIDENCE_NO_NEW_ROLLOUT
ObjectNavType/val/013226/raw_navigation_camera__0.mp4,13226,vase.n.01,True,14,18,"[""ObjaVase|2|3""]",1,1,,,UNVALIDATED_METADATA_GATE_BLOCKED,NOT_DERIVED_GATE_BLOCKED,,,True,EXISTING_HISTORICAL_EVIDENCE_NO_NEW_ROLLOUT
ObjectNavType/val/013911/raw_navigation_camera__0.mp4,13911,sofa.n.01,True,22,29,"[""Sofa|3|1""]",1,0,,,UNVALIDATED_METADATA_GATE_BLOCKED,NOT_DERIVED_GATE_BLOCKED,,,True,EXISTING_HISTORICAL_EVIDENCE_NO_NEW_ROLLOUT
ObjectNavType/val/012273/raw_navigation_camera__0.mp4,12273,sofa.n.01,True,6,17,"[""Sofa|7|0""]",1,0,,,UNVALIDATED_METADATA_GATE_BLOCKED,NOT_DERIVED_GATE_BLOCKED,,,True,EXISTING_HISTORICAL_EVIDENCE_NO_NEW_ROLLOUT
ObjectNavType/val/014457/raw_navigation_camera__0.mp4,14457,vase.n.01,False,600,119,"[""Vase|4|8"", ""Vase|6|22""]",2,0,,,UNVALIDATED_METADATA_GATE_BLOCKED,NOT_DERIVED_GATE_BLOCKED,,,True,EXISTING_HISTORICAL_EVIDENCE_NO_NEW_ROLLOUT
ObjectNavType/val/013276/raw_navigation_camera__0.mp4,13276,ashcan.n.01,True,84,28,"[""GarbageCan|6|2"", ""ObjaTrashCan|5|0""]",2,1,,,UNVALIDATED_METADATA_GATE_BLOCKED,NOT_DERIVED_GATE_BLOCKED,,,True,EXISTING_HISTORICAL_EVIDENCE_NO_NEW_ROLLOUT
ObjectNavType/val/013731/raw_navigation_camera__0.mp4,13731,apple.n.01,True,30,30,"[""Apple|2|9""]",1,0,,,UNVALIDATED_METADATA_GATE_BLOCKED,NOT_DERIVED_GATE_BLOCKED,,,True,EXISTING_HISTORICAL_EVIDENCE_NO_NEW_ROLLOUT
ObjectNavType/val/014122/raw_navigation_camera__0.mp4,14122,toilet.n.02,True,39,53,"[""Toilet|5|3""]",1,0,,,UNVALIDATED_METADATA_GATE_BLOCKED,NOT_DERIVED_GATE_BLOCKED,,,True,EXISTING_HISTORICAL_EVIDENCE_NO_NEW_ROLLOUT
ObjectNavType/val/014044/raw_navigation_camera__0.mp4,14044,ashcan.n.01,True,73,69,"[""ObjaGarbageCan|3|2""]",1,1,,,UNVALIDATED_METADATA_GATE_BLOCKED,NOT_DERIVED_GATE_BLOCKED,,,True,EXISTING_HISTORICAL_EVIDENCE_NO_NEW_ROLLOUT
ObjectNavType/val/014416/raw_navigation_camera__0.mp4,14416,bowl.n.03,True,19,25,"[""Bowl|2|7""]",1,0,,,UNVALIDATED_METADATA_GATE_BLOCKED,NOT_DERIVED_GATE_BLOCKED,,,True,EXISTING_HISTORICAL_EVIDENCE_NO_NEW_ROLLOUT
ObjectNavType/val/014243/raw_navigation_camera__0.mp4,14243,apple.n.01,True,86,81,"[""Apple|2|6""]",1,0,,,UNVALIDATED_METADATA_GATE_BLOCKED,NOT_DERIVED_GATE_BLOCKED,,,True,EXISTING_HISTORICAL_EVIDENCE_NO_NEW_ROLLOUT
ObjectNavType/val/012454/raw_navigation_camera__0.mp4,12454,laptop.n.01,True,20,26,"[""Laptop|2|22"", ""Laptop|7|13""]",2,0,,,UNVALIDATED_METADATA_GATE_BLOCKED,NOT_DERIVED_GATE_BLOCKED,,,True,EXISTING_HISTORICAL_EVIDENCE_NO_NEW_ROLLOUT
ObjectNavType/val/014510/raw_navigation_camera__0.mp4,14510,laptop.n.01,True,15,23,"[""ObjaLaptop|3|12""]",1,1,,,UNVALIDATED_METADATA_GATE_BLOCKED,NOT_DERIVED_GATE_BLOCKED,,,True,EXISTING_HISTORICAL_EVIDENCE_NO_NEW_ROLLOUT
ObjectNavType/val/001852/raw_navigation_camera__0.mp4,1852,mug.n.04,False,187,74,"[""ObjaMug|4|0""]",1,1,,,UNVALIDATED_METADATA_GATE_BLOCKED,NOT_DERIVED_GATE_BLOCKED,,,False,EXISTING_HISTORICAL_EVIDENCE_NO_NEW_ROLLOUT
ObjectNavType/val/012231/raw_navigation_camera__0.mp4,12231,bowl.n.03,True,60,51,"[""Bowl|4|15"", ""Bowl|6|30""]",2,0,,,UNVALIDATED_METADATA_GATE_BLOCKED,NOT_DERIVED_GATE_BLOCKED,,,True,EXISTING_HISTORICAL_EVIDENCE_NO_NEW_ROLLOUT
ObjectNavType/val/013818/raw_navigation_camera__0.mp4,13818,ashcan.n.01,True,48,55,"[""ObjaTrashCan|3|3""]",1,1,,,UNVALIDATED_METADATA_GATE_BLOCKED,NOT_DERIVED_GATE_BLOCKED,,,True,EXISTING_HISTORICAL_EVIDENCE_NO_NEW_ROLLOUT
ObjectNavType/val/014286/raw_navigation_camera__0.mp4,14286,ashcan.n.01,False,197,138,"[""GarbageCan|7|1""]",1,0,,,UNVALIDATED_METADATA_GATE_BLOCKED,NOT_DERIVED_GATE_BLOCKED,,,False,EXISTING_HISTORICAL_EVIDENCE_NO_NEW_ROLLOUT
ObjectNavType/val/014684/raw_navigation_camera__0.mp4,14684,apple.n.01,True,18,22,"[""Apple|8|42""]",1,0,,,UNVALIDATED_METADATA_GATE_BLOCKED,NOT_DERIVED_GATE_BLOCKED,,,True,EXISTING_HISTORICAL_EVIDENCE_NO_NEW_ROLLOUT
ObjectNavType/val/008786/raw_navigation_camera__0.mp4,8786,basketball.n.02,False,600,141,"[""ObjaBasketball|6|17""]",1,1,,,UNVALIDATED_METADATA_GATE_BLOCKED,NOT_DERIVED_GATE_BLOCKED,,,False,EXISTING_HISTORICAL_EVIDENCE_NO_NEW_ROLLOUT
ObjectNavType/val/013687/raw_navigation_camera__0.mp4,13687,houseplant.n.01,True,6,15,"[""HousePlant|2|14""]",1,0,,,UNVALIDATED_METADATA_GATE_BLOCKED,NOT_DERIVED_GATE_BLOCKED,,,True,EXISTING_HISTORICAL_EVIDENCE_NO_NEW_ROLLOUT
ObjectNavType/val/012375/raw_navigation_camera__0.mp4,12375,bowl.n.03,True,4,23,"[""Bowl|2|9""]",1,0,,,UNVALIDATED_METADATA_GATE_BLOCKED,NOT_DERIVED_GATE_BLOCKED,,,True,EXISTING_HISTORICAL_EVIDENCE_NO_NEW_ROLLOUT
ObjectNavType/val/012592/raw_navigation_camera__0.mp4,12592,bed.n.01,True,34,47,"[""double-pillow|2|1|0""]",1,0,,,UNVALIDATED_METADATA_GATE_BLOCKED,NOT_DERIVED_GATE_BLOCKED,,,True,EXISTING_HISTORICAL_EVIDENCE_NO_NEW_ROLLOUT
ObjectNavType/val/013298/raw_navigation_camera__0.mp4,13298,mug.n.04,True,21,39,"[""ObjaMug|2|1""]",1,1,,,UNVALIDATED_METADATA_GATE_BLOCKED,NOT_DERIVED_GATE_BLOCKED,,,True,EXISTING_HISTORICAL_EVIDENCE_NO_NEW_ROLLOUT
ObjectNavType/val/014840/raw_navigation_camera__0.mp4,14840,toilet.n.02,True,33,42,"[""Toilet|2|1""]",1,0,,,UNVALIDATED_METADATA_GATE_BLOCKED,NOT_DERIVED_GATE_BLOCKED,,,True,EXISTING_HISTORICAL_EVIDENCE_NO_NEW_ROLLOUT
ObjectNavType/val/014988/raw_navigation_camera__0.mp4,14988,apple.n.01,True,75,63,"[""Apple|6|7""]",1,0,,,UNVALIDATED_METADATA_GATE_BLOCKED,NOT_DERIVED_GATE_BLOCKED,,,True,EXISTING_HISTORICAL_EVIDENCE_NO_NEW_ROLLOUT
ObjectNavType/val/014932/raw_navigation_camera__0.mp4,14932,bowl.n.03,True,93,109,"[""Bowl|3|20""]",1,0,,,UNVALIDATED_METADATA_GATE_BLOCKED,NOT_DERIVED_GATE_BLOCKED,,,True,EXISTING_HISTORICAL_EVIDENCE_NO_NEW_ROLLOUT
ObjectNavType/val/012445/raw_navigation_camera__0.mp4,12445,laptop.n.01,True,256,45,"[""Laptop|6|27""]",1,0,,,UNVALIDATED_METADATA_GATE_BLOCKED,NOT_DERIVED_GATE_BLOCKED,,,True,EXISTING_HISTORICAL_EVIDENCE_NO_NEW_ROLLOUT
ObjectNavType/val/014034/raw_navigation_camera__0.mp4,14034,houseplant.n.01,True,7,16,"[""HousePlant|3|17"", ""HousePlant|8|58"", ""floor-house-plant|7|2|0""]",3,0,,,UNVALIDATED_METADATA_GATE_BLOCKED,NOT_DERIVED_GATE_BLOCKED,,,True,EXISTING_HISTORICAL_EVIDENCE_NO_NEW_ROLLOUT
ObjectNavType/val/012606/raw_navigation_camera__0.mp4,12606,atomizer.n.01,True,9,17,"[""SprayBottle|2|3""]",1,0,,,UNVALIDATED_METADATA_GATE_BLOCKED,NOT_DERIVED_GATE_BLOCKED,,,True,EXISTING_HISTORICAL_EVIDENCE_NO_NEW_ROLLOUT
ObjectNavType/val/013205/raw_navigation_camera__0.mp4,13205,television_receiver.n.01,True,21,29,"[""4|5"", ""6|6"", ""7|6"", ""television|3|2|1""]",4,0,,,UNVALIDATED_METADATA_GATE_BLOCKED,NOT_DERIVED_GATE_BLOCKED,,,True,EXISTING_HISTORICAL_EVIDENCE_NO_NEW_ROLLOUT
ObjectNavType/val/014129/raw_navigation_camera__0.mp4,14129,straight_chair.n.01,True,31,36,"[""chair-diningtable|4|2|1""]",1,0,,,UNVALIDATED_METADATA_GATE_BLOCKED,NOT_DERIVED_GATE_BLOCKED,,,False,EXISTING_HISTORICAL_EVIDENCE_NO_NEW_ROLLOUT
ObjectNavType/val/006954/raw_navigation_camera__0.mp4,6954,mug.n.04,True,10,16,"[""ObjaMilkshake|6|16""]",1,1,,,UNVALIDATED_METADATA_GATE_BLOCKED,NOT_DERIVED_GATE_BLOCKED,,,True,EXISTING_HISTORICAL_EVIDENCE_NO_NEW_ROLLOUT
ObjectNavType/val/013464/raw_navigation_camera__0.mp4,13464,houseplant.n.01,True,77,114,"[""floor-house-plant|8|2|0""]",1,0,,,UNVALIDATED_METADATA_GATE_BLOCKED,NOT_DERIVED_GATE_BLOCKED,,,True,EXISTING_HISTORICAL_EVIDENCE_NO_NEW_ROLLOUT
ObjectNavType/val/013527/raw_navigation_camera__0.mp4,13527,houseplant.n.01,True,30,24,"[""HousePlant|3|19"", ""floor-house-plant|2|2|0""]",2,0,,,UNVALIDATED_METADATA_GATE_BLOCKED,NOT_DERIVED_GATE_BLOCKED,,,True,EXISTING_HISTORICAL_EVIDENCE_NO_NEW_ROLLOUT
ObjectNavType/val/014064/raw_navigation_camera__0.mp4,14064,houseplant.n.01,True,79,75,"[""HousePlant|3|30"", ""HousePlant|8|85"", ""floor-house-plant|7|4|0""]",3,0,,,UNVALIDATED_METADATA_GATE_BLOCKED,NOT_DERIVED_GATE_BLOCKED,,,True,EXISTING_HISTORICAL_EVIDENCE_NO_NEW_ROLLOUT
ObjectNavType/val/014811/raw_navigation_camera__0.mp4,14811,toilet.n.02,True,228,95,"[""Toilet|7|1""]",1,0,,,UNVALIDATED_METADATA_GATE_BLOCKED,NOT_DERIVED_GATE_BLOCKED,,,True,EXISTING_HISTORICAL_EVIDENCE_NO_NEW_ROLLOUT
ObjectNavType/val/014454/raw_navigation_camera__0.mp4,14454,bed.n.01,False,600,57,"[""Bed|4|2"", ""double-pillow|6|0|0""]",2,0,,,UNVALIDATED_METADATA_GATE_BLOCKED,NOT_DERIVED_GATE_BLOCKED,,,True,EXISTING_HISTORICAL_EVIDENCE_NO_NEW_ROLLOUT
ObjectNavType/val/014774/raw_navigation_camera__0.mp4,14774,bed.n.01,True,41,52,"[""double-pillow|4|0|0""]",1,0,,,UNVALIDATED_METADATA_GATE_BLOCKED,NOT_DERIVED_GATE_BLOCKED,,,True,EXISTING_HISTORICAL_EVIDENCE_NO_NEW_ROLLOUT
ObjectNavType/val/013265/raw_navigation_camera__0.mp4,13265,bowl.n.03,False,600,85,"[""Bowl|2|28""]",1,0,,,UNVALIDATED_METADATA_GATE_BLOCKED,NOT_DERIVED_GATE_BLOCKED,,,False,EXISTING_HISTORICAL_EVIDENCE_NO_NEW_ROLLOUT
ObjectNavType/val/011321/raw_navigation_camera__0.mp4,11321,apple.n.01,True,76,64,"[""Apple|2|24""]",1,0,,,UNVALIDATED_METADATA_GATE_BLOCKED,NOT_DERIVED_GATE_BLOCKED,,,True,EXISTING_HISTORICAL_EVIDENCE_NO_NEW_ROLLOUT
ObjectNavType/val/011295/raw_navigation_camera__0.mp4,11295,sofa.n.01,False,2,136,"[""Sofa|7|0""]",1,0,,,UNVALIDATED_METADATA_GATE_BLOCKED,NOT_DERIVED_GATE_BLOCKED,,,False,EXISTING_HISTORICAL_EVIDENCE_NO_NEW_ROLLOUT
ObjectNavType/val/014067/raw_navigation_camera__0.mp4,14067,television_receiver.n.01,True,224,231,"[""3|3"", ""6|7"", ""television-sofa|4|0|2""]",3,0,,,UNVALIDATED_METADATA_GATE_BLOCKED,NOT_DERIVED_GATE_BLOCKED,,,True,EXISTING_HISTORICAL_EVIDENCE_NO_NEW_ROLLOUT
ObjectNavType/val/013445/raw_navigation_camera__0.mp4,13445,toilet.n.02,True,19,27,"[""Toilet|2|2""]",1,0,,,UNVALIDATED_METADATA_GATE_BLOCKED,NOT_DERIVED_GATE_BLOCKED,,,True,EXISTING_HISTORICAL_EVIDENCE_NO_NEW_ROLLOUT
ObjectNavType/val/014854/raw_navigation_camera__0.mp4,14854,atomizer.n.01,True,27,41,"[""SprayBottle|5|13"", ""SprayBottle|8|49""]",2,0,,,UNVALIDATED_METADATA_GATE_BLOCKED,NOT_DERIVED_GATE_BLOCKED,,,True,EXISTING_HISTORICAL_EVIDENCE_NO_NEW_ROLLOUT
ObjectNavType/val/012952/raw_navigation_camera__0.mp4,12952,houseplant.n.01,True,39,48,"[""floor-house-plant|5|5|0"", ""floor-house-plant|6|2|0""]",2,0,,,UNVALIDATED_METADATA_GATE_BLOCKED,NOT_DERIVED_GATE_BLOCKED,,,True,EXISTING_HISTORICAL_EVIDENCE_NO_NEW_ROLLOUT
ObjectNavType/val/013264/raw_navigation_camera__0.mp4,13264,ashcan.n.01,True,8,14,"[""ObjaTrashCan|5|3""]",1,1,,,UNVALIDATED_METADATA_GATE_BLOCKED,NOT_DERIVED_GATE_BLOCKED,,,True,EXISTING_HISTORICAL_EVIDENCE_NO_NEW_ROLLOUT
ObjectNavType/val/013699/raw_navigation_camera__0.mp4,13699,laptop.n.01,True,44,76,"[""Laptop|3|24"", ""Laptop|6|48""]",2,0,,,UNVALIDATED_METADATA_GATE_BLOCKED,NOT_DERIVED_GATE_BLOCKED,,,True,EXISTING_HISTORICAL_EVIDENCE_NO_NEW_ROLLOUT
ObjectNavType/val/014728/raw_navigation_camera__0.mp4,14728,apple.n.01,True,133,49,"[""Apple|6|9""]",1,0,,,UNVALIDATED_METADATA_GATE_BLOCKED,NOT_DERIVED_GATE_BLOCKED,,,True,EXISTING_HISTORICAL_EVIDENCE_NO_NEW_ROLLOUT
ObjectNavType/val/013436/raw_navigation_camera__0.mp4,13436,television_receiver.n.01,True,48,55,"[""television|7|0|1""]",1,0,,,UNVALIDATED_METADATA_GATE_BLOCKED,NOT_DERIVED_GATE_BLOCKED,,,True,EXISTING_HISTORICAL_EVIDENCE_NO_NEW_ROLLOUT
ObjectNavType/val/014168/raw_navigation_camera__0.mp4,14168,toilet.n.02,True,38,44,"[""Toilet|7|3""]",1,0,,,UNVALIDATED_METADATA_GATE_BLOCKED,NOT_DERIVED_GATE_BLOCKED,,,False,EXISTING_HISTORICAL_EVIDENCE_NO_NEW_ROLLOUT
ObjectNavType/val/014234/raw_navigation_camera__0.mp4,14234,atomizer.n.01,True,28,36,"[""SprayBottle|6|9""]",1,0,,,UNVALIDATED_METADATA_GATE_BLOCKED,NOT_DERIVED_GATE_BLOCKED,,,True,EXISTING_HISTORICAL_EVIDENCE_NO_NEW_ROLLOUT
ObjectNavType/val/011819/raw_navigation_camera__0.mp4,11819,toilet.n.02,True,32,13,"[""Toilet|5|1""]",1,0,,,UNVALIDATED_METADATA_GATE_BLOCKED,NOT_DERIVED_GATE_BLOCKED,,,True,EXISTING_HISTORICAL_EVIDENCE_NO_NEW_ROLLOUT
ObjectNavType/val/012854/raw_navigation_camera__0.mp4,12854,vase.n.01,True,12,18,"[""Vase|2|14""]",1,0,,,UNVALIDATED_METADATA_GATE_BLOCKED,NOT_DERIVED_GATE_BLOCKED,,,True,EXISTING_HISTORICAL_EVIDENCE_NO_NEW_ROLLOUT
ObjectNavType/val/013297/raw_navigation_camera__0.mp4,13297,alarm_clock.n.01,True,90,60,"[""AlarmClock|2|39""]",1,0,,,UNVALIDATED_METADATA_GATE_BLOCKED,NOT_DERIVED_GATE_BLOCKED,,,True,EXISTING_HISTORICAL_EVIDENCE_NO_NEW_ROLLOUT
ObjectNavType/val/012036/raw_navigation_camera__0.mp4,12036,sofa.n.01,True,162,76,"[""Sofa|3|2"", ""Sofa|4|1""]",2,0,,,UNVALIDATED_METADATA_GATE_BLOCKED,NOT_DERIVED_GATE_BLOCKED,,,True,EXISTING_HISTORICAL_EVIDENCE_NO_NEW_ROLLOUT
ObjectNavType/val/013529/raw_navigation_camera__0.mp4,13529,ashcan.n.01,True,41,46,"[""ObjaTrashCan|2|4""]",1,1,,,UNVALIDATED_METADATA_GATE_BLOCKED,NOT_DERIVED_GATE_BLOCKED,,,True,EXISTING_HISTORICAL_EVIDENCE_NO_NEW_ROLLOUT
ObjectNavType/val/012637/raw_navigation_camera__0.mp4,12637,toilet.n.02,True,17,24,"[""Toilet|2|1""]",1,0,,,UNVALIDATED_METADATA_GATE_BLOCKED,NOT_DERIVED_GATE_BLOCKED,,,True,EXISTING_HISTORICAL_EVIDENCE_NO_NEW_ROLLOUT
ObjectNavType/val/011633/raw_navigation_camera__0.mp4,11633,atomizer.n.01,True,24,70,"[""SprayBottle|2|13"", ""SprayBottle|5|37""]",2,0,,,UNVALIDATED_METADATA_GATE_BLOCKED,NOT_DERIVED_GATE_BLOCKED,,,False,EXISTING_HISTORICAL_EVIDENCE_NO_NEW_ROLLOUT
ObjectNavType/val/012953/raw_navigation_camera__0.mp4,12953,atomizer.n.01,True,28,30,"[""SprayBottle|2|5""]",1,0,,,UNVALIDATED_METADATA_GATE_BLOCKED,NOT_DERIVED_GATE_BLOCKED,,,True,EXISTING_HISTORICAL_EVIDENCE_NO_NEW_ROLLOUT
ObjectNavType/val/014782/raw_navigation_camera__0.mp4,14782,bed.n.01,True,6,11,"[""single-pillow|2|0|0""]",1,0,,,UNVALIDATED_METADATA_GATE_BLOCKED,NOT_DERIVED_GATE_BLOCKED,,,True,EXISTING_HISTORICAL_EVIDENCE_NO_NEW_ROLLOUT
ObjectNavType/val/013392/raw_navigation_camera__0.mp4,13392,bed.n.01,True,17,26,"[""Bed|8|1"", ""double-pillow|7|1|0"", ""single-pillow|6|0|0""]",3,0,,,UNVALIDATED_METADATA_GATE_BLOCKED,NOT_DERIVED_GATE_BLOCKED,,,True,EXISTING_HISTORICAL_EVIDENCE_NO_NEW_ROLLOUT
ObjectNavType/val/012266/raw_navigation_camera__0.mp4,12266,atomizer.n.01,True,79,78,"[""SprayBottle|6|8""]",1,0,,,UNVALIDATED_METADATA_GATE_BLOCKED,NOT_DERIVED_GATE_BLOCKED,,,True,EXISTING_HISTORICAL_EVIDENCE_NO_NEW_ROLLOUT
ObjectNavType/val/013708/raw_navigation_camera__0.mp4,13708,laptop.n.01,False,131,143,"[""Laptop|4|43"", ""Laptop|6|65"", ""Laptop|7|74"", ""Laptop|8|89""]",4,0,,,UNVALIDATED_METADATA_GATE_BLOCKED,NOT_DERIVED_GATE_BLOCKED,,,False,EXISTING_HISTORICAL_EVIDENCE_NO_NEW_ROLLOUT
ObjectNavType/val/014172/raw_navigation_camera__0.mp4,14172,bowl.n.03,True,7,16,"[""Bowl|2|7"", ""Bowl|5|43"", ""Bowl|6|54""]",3,0,,,UNVALIDATED_METADATA_GATE_BLOCKED,NOT_DERIVED_GATE_BLOCKED,,,True,EXISTING_HISTORICAL_EVIDENCE_NO_NEW_ROLLOUT
ObjectNavType/val/004495/raw_navigation_camera__0.mp4,4495,mug.n.04,True,73,27,"[""ObjaMilkshake|6|1""]",1,1,,,UNVALIDATED_METADATA_GATE_BLOCKED,NOT_DERIVED_GATE_BLOCKED,,,True,EXISTING_HISTORICAL_EVIDENCE_NO_NEW_ROLLOUT
ObjectNavType/val/013975/raw_navigation_camera__0.mp4,13975,laptop.n.01,False,181,209,"[""Laptop|4|32""]",1,0,,,UNVALIDATED_METADATA_GATE_BLOCKED,NOT_DERIVED_GATE_BLOCKED,,,False,EXISTING_HISTORICAL_EVIDENCE_NO_NEW_ROLLOUT
ObjectNavType/val/012696/raw_navigation_camera__0.mp4,12696,houseplant.n.01,True,38,43,"[""HousePlant|8|67"", ""floor-house-plant|2|4|0"", ""floor-house-plant|7|3|0""]",3,0,,,UNVALIDATED_METADATA_GATE_BLOCKED,NOT_DERIVED_GATE_BLOCKED,,,True,EXISTING_HISTORICAL_EVIDENCE_NO_NEW_ROLLOUT
ObjectNavType/val/013968/raw_navigation_camera__0.mp4,13968,apple.n.01,True,51,45,"[""Apple|2|11""]",1,0,,,UNVALIDATED_METADATA_GATE_BLOCKED,NOT_DERIVED_GATE_BLOCKED,,,True,EXISTING_HISTORICAL_EVIDENCE_NO_NEW_ROLLOUT
ObjectNavType/val/012771/raw_navigation_camera__0.mp4,12771,straight_chair.n.01,True,18,22,"[""chair-diningtable-2|8|3|1"", ""chair-diningtable-2|8|3|2"", ""chair-diningtable-3|6|5|1"", ""chair-diningtable-3|6|5|2"", ""chair-diningtable-3|6|5|3"", ""chair-diningtable|9|0|1""]",6,0,,,UNVALIDATED_METADATA_GATE_BLOCKED,NOT_DERIVED_GATE_BLOCKED,,,True,EXISTING_HISTORICAL_EVIDENCE_NO_NEW_ROLLOUT
ObjectNavType/val/014424/raw_navigation_camera__0.mp4,14424,vase.n.01,True,40,34,"[""Vase|2|6""]",1,0,,,UNVALIDATED_METADATA_GATE_BLOCKED,NOT_DERIVED_GATE_BLOCKED,,,True,EXISTING_HISTORICAL_EVIDENCE_NO_NEW_ROLLOUT
ObjectNavType/val/014499/raw_navigation_camera__0.mp4,14499,toilet.n.02,True,251,109,"[""Toilet|7|1""]",1,0,,,UNVALIDATED_METADATA_GATE_BLOCKED,NOT_DERIVED_GATE_BLOCKED,,,True,EXISTING_HISTORICAL_EVIDENCE_NO_NEW_ROLLOUT
ObjectNavType/val/012245/raw_navigation_camera__0.mp4,12245,straight_chair.n.01,True,24,51,"[""chair-diningtable|2|2|1""]",1,0,,,UNVALIDATED_METADATA_GATE_BLOCKED,NOT_DERIVED_GATE_BLOCKED,,,True,EXISTING_HISTORICAL_EVIDENCE_NO_NEW_ROLLOUT
ObjectNavType/val/013238/raw_navigation_camera__0.mp4,13238,alarm_clock.n.01,True,5,17,"[""AlarmClock|8|65""]",1,0,,,UNVALIDATED_METADATA_GATE_BLOCKED,NOT_DERIVED_GATE_BLOCKED,,,True,EXISTING_HISTORICAL_EVIDENCE_NO_NEW_ROLLOUT
ObjectNavType/val/013807/raw_navigation_camera__0.mp4,13807,mug.n.04,True,60,51,"[""ObjaMug|6|50""]",1,1,,,UNVALIDATED_METADATA_GATE_BLOCKED,NOT_DERIVED_GATE_BLOCKED,,,True,EXISTING_HISTORICAL_EVIDENCE_NO_NEW_ROLLOUT
ObjectNavType/val/013761/raw_navigation_camera__0.mp4,13761,television_receiver.n.01,True,36,75,"[""4|7"", ""8|7"", ""television-sofa|3|0|2"", ""television|7|2|1""]",4,0,,,UNVALIDATED_METADATA_GATE_BLOCKED,NOT_DERIVED_GATE_BLOCKED,,,False,EXISTING_HISTORICAL_EVIDENCE_NO_NEW_ROLLOUT
ObjectNavType/val/012698/raw_navigation_camera__0.mp4,12698,bed.n.01,True,7,14,"[""double-pillow|2|0|0""]",1,0,,,UNVALIDATED_METADATA_GATE_BLOCKED,NOT_DERIVED_GATE_BLOCKED,,,True,EXISTING_HISTORICAL_EVIDENCE_NO_NEW_ROLLOUT
ObjectNavType/val/014423/raw_navigation_camera__0.mp4,14423,sofa.n.01,True,71,94,"[""Sofa|4|1""]",1,0,,,UNVALIDATED_METADATA_GATE_BLOCKED,NOT_DERIVED_GATE_BLOCKED,,,False,EXISTING_HISTORICAL_EVIDENCE_NO_NEW_ROLLOUT
ObjectNavType/val/014765/raw_navigation_camera__0.mp4,14765,alarm_clock.n.01,True,56,11,"[""AlarmClock|6|40"", ""AlarmClock|7|54""]",2,0,,,UNVALIDATED_METADATA_GATE_BLOCKED,NOT_DERIVED_GATE_BLOCKED,,,True,EXISTING_HISTORICAL_EVIDENCE_NO_NEW_ROLLOUT
ObjectNavType/val/013278/raw_navigation_camera__0.mp4,13278,alarm_clock.n.01,True,39,17,"[""AlarmClock|6|55"", ""AlarmClock|7|63"", ""AlarmClock|8|70""]",3,0,,,UNVALIDATED_METADATA_GATE_BLOCKED,NOT_DERIVED_GATE_BLOCKED,,,True,EXISTING_HISTORICAL_EVIDENCE_NO_NEW_ROLLOUT
ObjectNavType/val/014496/raw_navigation_camera__0.mp4,14496,houseplant.n.01,True,8,16,"[""floor-house-plant|2|3|0"", ""floor-house-plant|4|3|0"", ""floor-house-plant|5|4|0"", ""floor-house-plant|6|5|0""]",4,0,,,UNVALIDATED_METADATA_GATE_BLOCKED,NOT_DERIVED_GATE_BLOCKED,,,True,EXISTING_HISTORICAL_EVIDENCE_NO_NEW_ROLLOUT
ObjectNavType/val/000714/raw_navigation_camera__0.mp4,714,mug.n.04,True,35,36,"[""ObjaMilkshake|6|1""]",1,1,,,UNVALIDATED_METADATA_GATE_BLOCKED,NOT_DERIVED_GATE_BLOCKED,,,True,EXISTING_HISTORICAL_EVIDENCE_NO_NEW_ROLLOUT
ObjectNavType/val/013351/raw_navigation_camera__0.mp4,13351,sofa.n.01,True,24,35,"[""Sofa|7|2""]",1,0,,,UNVALIDATED_METADATA_GATE_BLOCKED,NOT_DERIVED_GATE_BLOCKED,,,False,EXISTING_HISTORICAL_EVIDENCE_NO_NEW_ROLLOUT
ObjectNavType/val/011951/raw_navigation_camera__0.mp4,11951,bed.n.01,True,161,137,"[""Bed|6|0"", ""Bed|8|0"", ""single-pillow|7|1|0""]",3,0,,,UNVALIDATED_METADATA_GATE_BLOCKED,NOT_DERIVED_GATE_BLOCKED,,,True,EXISTING_HISTORICAL_EVIDENCE_NO_NEW_ROLLOUT
ObjectNavType/val/013727/raw_navigation_camera__0.mp4,13727,alarm_clock.n.01,True,8,18,"[""AlarmClock|4|5"", ""AlarmClock|6|27""]",2,0,,,UNVALIDATED_METADATA_GATE_BLOCKED,NOT_DERIVED_GATE_BLOCKED,,,True,EXISTING_HISTORICAL_EVIDENCE_NO_NEW_ROLLOUT
ObjectNavType/val/013393/raw_navigation_camera__0.mp4,13393,sofa.n.01,True,88,56,"[""Sofa|3|1"", ""Sofa|4|0"", ""Sofa|8|2""]",3,0,,,UNVALIDATED_METADATA_GATE_BLOCKED,NOT_DERIVED_GATE_BLOCKED,,,True,EXISTING_HISTORICAL_EVIDENCE_NO_NEW_ROLLOUT
ObjectNavType/val/009921/raw_navigation_camera__0.mp4,9921,basketball.n.02,True,38,41,"[""ObjaBasketball|4|4""]",1,1,,,UNVALIDATED_METADATA_GATE_BLOCKED,NOT_DERIVED_GATE_BLOCKED,,,True,EXISTING_HISTORICAL_EVIDENCE_NO_NEW_ROLLOUT
ObjectNavType/val/013259/raw_navigation_camera__0.mp4,13259,toilet.n.02,True,211,82,"[""Toilet|5|0""]",1,0,,,UNVALIDATED_METADATA_GATE_BLOCKED,NOT_DERIVED_GATE_BLOCKED,,,True,EXISTING_HISTORICAL_EVIDENCE_NO_NEW_ROLLOUT
ObjectNavType/val/014506/raw_navigation_camera__0.mp4,14506,toilet.n.02,True,4,14,"[""Toilet|2|1""]",1,0,,,UNVALIDATED_METADATA_GATE_BLOCKED,NOT_DERIVED_GATE_BLOCKED,,,True,EXISTING_HISTORICAL_EVIDENCE_NO_NEW_ROLLOUT
ObjectNavType/val/010248/raw_navigation_camera__0.mp4,10248,vase.n.01,False,377,128,"[""Vase|4|42"", ""Vase|6|67"", ""Vase|7|87"", ""Vase|8|98""]",4,0,,,UNVALIDATED_METADATA_GATE_BLOCKED,NOT_DERIVED_GATE_BLOCKED,,,True,EXISTING_HISTORICAL_EVIDENCE_NO_NEW_ROLLOUT
ObjectNavType/val/014426/raw_navigation_camera__0.mp4,14426,sofa.n.01,True,11,19,"[""Sofa|3|1""]",1,0,,,UNVALIDATED_METADATA_GATE_BLOCKED,NOT_DERIVED_GATE_BLOCKED,,,False,EXISTING_HISTORICAL_EVIDENCE_NO_NEW_ROLLOUT
ObjectNavType/val/011059/raw_navigation_camera__0.mp4,11059,sofa.n.01,True,8,17,"[""Sofa|7|1""]",1,0,,,UNVALIDATED_METADATA_GATE_BLOCKED,NOT_DERIVED_GATE_BLOCKED,,,True,EXISTING_HISTORICAL_EVIDENCE_NO_NEW_ROLLOUT
ObjectNavType/val/013352/raw_navigation_camera__0.mp4,13352,bowl.n.03,False,600,236,"[""Bowl|4|27"", ""Bowl|6|45"", ""Bowl|8|59""]",3,0,,,UNVALIDATED_METADATA_GATE_BLOCKED,NOT_DERIVED_GATE_BLOCKED,,,False,EXISTING_HISTORICAL_EVIDENCE_NO_NEW_ROLLOUT
ObjectNavType/val/013757/raw_navigation_camera__0.mp4,13757,apple.n.01,True,55,59,"[""Apple|8|48""]",1,0,,,UNVALIDATED_METADATA_GATE_BLOCKED,NOT_DERIVED_GATE_BLOCKED,,,True,EXISTING_HISTORICAL_EVIDENCE_NO_NEW_ROLLOUT
ObjectNavType/val/014070/raw_navigation_camera__0.mp4,14070,alarm_clock.n.01,True,17,61,"[""AlarmClock|6|38""]",1,0,,,UNVALIDATED_METADATA_GATE_BLOCKED,NOT_DERIVED_GATE_BLOCKED,,,True,EXISTING_HISTORICAL_EVIDENCE_NO_NEW_ROLLOUT
ObjectNavType/val/013312/raw_navigation_camera__0.mp4,13312,vase.n.01,True,57,64,"[""Vase|6|12"", ""Vase|7|25""]",2,0,,,UNVALIDATED_METADATA_GATE_BLOCKED,NOT_DERIVED_GATE_BLOCKED,,,True,EXISTING_HISTORICAL_EVIDENCE_NO_NEW_ROLLOUT
ObjectNavType/val/004526/raw_navigation_camera__0.mp4,4526,mug.n.04,True,25,32,"[""ObjaMug|6|2""]",1,1,,,UNVALIDATED_METADATA_GATE_BLOCKED,NOT_DERIVED_GATE_BLOCKED,,,True,EXISTING_HISTORICAL_EVIDENCE_NO_NEW_ROLLOUT
ObjectNavType/val/013175/raw_navigation_camera__0.mp4,13175,laptop.n.01,True,23,31,"[""Laptop|3|16""]",1,0,,,UNVALIDATED_METADATA_GATE_BLOCKED,NOT_DERIVED_GATE_BLOCKED,,,True,EXISTING_HISTORICAL_EVIDENCE_NO_NEW_ROLLOUT
ObjectNavType/val/013943/raw_navigation_camera__0.mp4,13943,bowl.n.03,False,184,48,"[""Bowl|6|28""]",1,0,,,UNVALIDATED_METADATA_GATE_BLOCKED,NOT_DERIVED_GATE_BLOCKED,,,True,EXISTING_HISTORICAL_EVIDENCE_NO_NEW_ROLLOUT
ObjectNavType/val/012675/raw_navigation_camera__0.mp4,12675,sofa.n.01,True,9,26,"[""Sofa|3|0"", ""television-sofa|4|1|1""]",2,0,,,UNVALIDATED_METADATA_GATE_BLOCKED,NOT_DERIVED_GATE_BLOCKED,,,False,EXISTING_HISTORICAL_EVIDENCE_NO_NEW_ROLLOUT
ObjectNavType/val/014563/raw_navigation_camera__0.mp4,14563,houseplant.n.01,True,3,11,"[""HousePlant|6|20"", ""floor-house-plant|4|4|0"", ""floor-house-plant|7|4|0""]",3,0,,,UNVALIDATED_METADATA_GATE_BLOCKED,NOT_DERIVED_GATE_BLOCKED,,,True,EXISTING_HISTORICAL_EVIDENCE_NO_NEW_ROLLOUT
ObjectNavType/val/014807/raw_navigation_camera__0.mp4,14807,bed.n.01,True,34,49,"[""Bed|2|0""]",1,0,,,UNVALIDATED_METADATA_GATE_BLOCKED,NOT_DERIVED_GATE_BLOCKED,,,True,EXISTING_HISTORICAL_EVIDENCE_NO_NEW_ROLLOUT
ObjectNavType/val/014490/raw_navigation_camera__0.mp4,14490,bowl.n.03,True,199,152,"[""Bowl|2|6"", ""Bowl|7|49""]",2,0,,,UNVALIDATED_METADATA_GATE_BLOCKED,NOT_DERIVED_GATE_BLOCKED,,,True,EXISTING_HISTORICAL_EVIDENCE_NO_NEW_ROLLOUT
ObjectNavType/val/014635/raw_navigation_camera__0.mp4,14635,bed.n.01,True,30,39,"[""Bed|2|0""]",1,0,,,UNVALIDATED_METADATA_GATE_BLOCKED,NOT_DERIVED_GATE_BLOCKED,,,True,EXISTING_HISTORICAL_EVIDENCE_NO_NEW_ROLLOUT
ObjectNavType/val/012500/raw_navigation_camera__0.mp4,12500,television_receiver.n.01,False,600,73,"[""television-sofa|3|0|2"", ""television|4|2|1"", ""television|8|3|1""]",3,0,,,UNVALIDATED_METADATA_GATE_BLOCKED,NOT_DERIVED_GATE_BLOCKED,,,False,EXISTING_HISTORICAL_EVIDENCE_NO_NEW_ROLLOUT
ObjectNavType/val/013167/raw_navigation_camera__0.mp4,13167,ashcan.n.01,True,30,46,"[""GarbageCan|5|3""]",1,0,,,UNVALIDATED_METADATA_GATE_BLOCKED,NOT_DERIVED_GATE_BLOCKED,,,True,EXISTING_HISTORICAL_EVIDENCE_NO_NEW_ROLLOUT
ObjectNavType/val/001730/raw_navigation_camera__0.mp4,1730,mug.n.04,False,53,62,"[""ObjaMilkshake|7|64""]",1,1,,,UNVALIDATED_METADATA_GATE_BLOCKED,NOT_DERIVED_GATE_BLOCKED,,,True,EXISTING_HISTORICAL_EVIDENCE_NO_NEW_ROLLOUT
ObjectNavType/val/013952/raw_navigation_camera__0.mp4,13952,toilet.n.02,True,10,20,"[""Toilet|2|4""]",1,0,,,UNVALIDATED_METADATA_GATE_BLOCKED,NOT_DERIVED_GATE_BLOCKED,,,True,EXISTING_HISTORICAL_EVIDENCE_NO_NEW_ROLLOUT
ObjectNavType/val/013641/raw_navigation_camera__0.mp4,13641,vase.n.01,True,91,91,"[""Vase|6|55""]",1,0,,,UNVALIDATED_METADATA_GATE_BLOCKED,NOT_DERIVED_GATE_BLOCKED,,,True,EXISTING_HISTORICAL_EVIDENCE_NO_NEW_ROLLOUT
ObjectNavType/val/014916/raw_navigation_camera__0.mp4,14916,television_receiver.n.01,True,6,14,"[""television|7|1|1""]",1,0,,,UNVALIDATED_METADATA_GATE_BLOCKED,NOT_DERIVED_GATE_BLOCKED,,,True,EXISTING_HISTORICAL_EVIDENCE_NO_NEW_ROLLOUT
ObjectNavType/val/014604/raw_navigation_camera__0.mp4,14604,toilet.n.02,True,35,42,"[""Toilet|3|1""]",1,0,,,UNVALIDATED_METADATA_GATE_BLOCKED,NOT_DERIVED_GATE_BLOCKED,,,True,EXISTING_HISTORICAL_EVIDENCE_NO_NEW_ROLLOUT
ObjectNavType/val/013340/raw_navigation_camera__0.mp4,13340,houseplant.n.01,True,22,17,"[""HousePlant|2|41"", ""HousePlant|7|27"", ""floor-house-plant|6|3|0""]",3,0,,,UNVALIDATED_METADATA_GATE_BLOCKED,NOT_DERIVED_GATE_BLOCKED,,,True,EXISTING_HISTORICAL_EVIDENCE_NO_NEW_ROLLOUT
ObjectNavType/val/014702/raw_navigation_camera__0.mp4,14702,alarm_clock.n.01,False,450,151,"[""AlarmClock|6|24"", ""ObjaAlarmClock|6|21""]",2,1,,,UNVALIDATED_METADATA_GATE_BLOCKED,NOT_DERIVED_GATE_BLOCKED,,,False,EXISTING_HISTORICAL_EVIDENCE_NO_NEW_ROLLOUT
ObjectNavType/val/013447/raw_navigation_camera__0.mp4,13447,straight_chair.n.01,True,51,76,"[""chair-diningtable-6|8|2|1"", ""chair-diningtable-6|8|2|2"", ""chair-diningtable-6|8|2|3"", ""chair-diningtable-6|8|2|4"", ""chair-diningtable-6|8|2|5"", ""chair-diningtable|4|2|1""]",6,0,,,UNVALIDATED_METADATA_GATE_BLOCKED,NOT_DERIVED_GATE_BLOCKED,,,True,EXISTING_HISTORICAL_EVIDENCE_NO_NEW_ROLLOUT
ObjectNavType/val/014263/raw_navigation_camera__0.mp4,14263,straight_chair.n.01,True,20,27,"[""chair-diningtable-2|2|3|1"", ""chair-diningtable-2|2|3|2"", ""chair-diningtable-2|6|1|1"", ""chair-diningtable-2|6|1|2"", ""chair-diningtable-5|7|2|1"", ""chair-diningtable-5|7|2|2"", ""chair-diningtable-5|7|2|3"", ""chair-diningtable-5|7|2|4"", ""chair-diningtable-6|3|1|1"", ""chair-diningtable-6|3|1|2"", ""chair-diningtable-6|3|1|3"", ""chair-diningtable-6|3|1|4"", ""chair-diningtable-6|3|1|5"", ""chair-diningtable-7|8|1|1"", ""chair-diningtable-7|8|1|2"", ""chair-diningtable-7|8|1|3"", ""chair-diningtable-7|8|1|4"", ""chair-diningtable-7|8|1|5"", ""chair-diningtable-7|8|1|6""]",19,0,,,UNVALIDATED_METADATA_GATE_BLOCKED,NOT_DERIVED_GATE_BLOCKED,,,True,EXISTING_HISTORICAL_EVIDENCE_NO_NEW_ROLLOUT
ObjectNavType/val/012207/raw_navigation_camera__0.mp4,12207,vase.n.01,True,53,237,"[""Vase|6|20""]",1,0,,,UNVALIDATED_METADATA_GATE_BLOCKED,NOT_DERIVED_GATE_BLOCKED,,,True,EXISTING_HISTORICAL_EVIDENCE_NO_NEW_ROLLOUT
ObjectNavType/val/014320/raw_navigation_camera__0.mp4,14320,ashcan.n.01,False,600,92,"[""ObjaGarbageCan|7|3"", ""ObjaTrashCan|7|4""]",2,2,,,UNVALIDATED_METADATA_GATE_BLOCKED,NOT_DERIVED_GATE_BLOCKED,,,False,EXISTING_HISTORICAL_EVIDENCE_NO_NEW_ROLLOUT
ObjectNavType/val/014544/raw_navigation_camera__0.mp4,14544,television_receiver.n.01,True,80,73,"[""television|3|1|1""]",1,0,,,UNVALIDATED_METADATA_GATE_BLOCKED,NOT_DERIVED_GATE_BLOCKED,,,True,EXISTING_HISTORICAL_EVIDENCE_NO_NEW_ROLLOUT
ObjectNavType/val/013181/raw_navigation_camera__0.mp4,13181,straight_chair.n.01,True,13,19,"[""chair-diningtable-2|4|4|1"", ""chair-diningtable-2|4|4|2"", ""chair-diningtable|6|4|1""]",3,0,,,UNVALIDATED_METADATA_GATE_BLOCKED,NOT_DERIVED_GATE_BLOCKED,,,True,EXISTING_HISTORICAL_EVIDENCE_NO_NEW_ROLLOUT
ObjectNavType/val/012042/raw_navigation_camera__0.mp4,12042,laptop.n.01,True,46,51,"[""Laptop|6|28""]",1,0,,,UNVALIDATED_METADATA_GATE_BLOCKED,NOT_DERIVED_GATE_BLOCKED,,,True,EXISTING_HISTORICAL_EVIDENCE_NO_NEW_ROLLOUT
ObjectNavType/val/012238/raw_navigation_camera__0.mp4,12238,straight_chair.n.01,True,2,24,"[""chair-diningtable-3|4|1|1"", ""chair-diningtable-3|4|1|2"", ""chair-diningtable-3|4|1|3"", ""chair-diningtable-3|7|2|1"", ""chair-diningtable-3|7|2|2"", ""chair-diningtable-3|7|2|3"", ""chair-diningtable-5|2|5|1"", ""chair-diningtable-5|2|5|2"", ""chair-diningtable-5|2|5|3"", ""chair-diningtable-5|2|5|4"", ""chair-diningtable-5|8|2|1"", ""chair-diningtable-5|8|2|2"", ""chair-diningtable-5|8|2|3"", ""chair-diningtable-5|8|2|4"", ""chair-diningtable|6|3|1""]",15,0,,,UNVALIDATED_METADATA_GATE_BLOCKED,NOT_DERIVED_GATE_BLOCKED,,,True,EXISTING_HISTORICAL_EVIDENCE_NO_NEW_ROLLOUT
ObjectNavType/val/013458/raw_navigation_camera__0.mp4,13458,laptop.n.01,False,99,115,"[""Laptop|6|29"", ""Laptop|9|63""]",2,0,,,UNVALIDATED_METADATA_GATE_BLOCKED,NOT_DERIVED_GATE_BLOCKED,,,True,EXISTING_HISTORICAL_EVIDENCE_NO_NEW_ROLLOUT
ObjectNavType/val/013931/raw_navigation_camera__0.mp4,13931,houseplant.n.01,True,248,127,"[""HousePlant|2|6"", ""HousePlant|4|29"", ""HousePlant|5|37""]",3,0,,,UNVALIDATED_METADATA_GATE_BLOCKED,NOT_DERIVED_GATE_BLOCKED,,,True,EXISTING_HISTORICAL_EVIDENCE_NO_NEW_ROLLOUT
ObjectNavType/val/012050/raw_navigation_camera__0.mp4,12050,apple.n.01,True,74,22,"[""Apple|2|8""]",1,0,,,UNVALIDATED_METADATA_GATE_BLOCKED,NOT_DERIVED_GATE_BLOCKED,,,True,EXISTING_HISTORICAL_EVIDENCE_NO_NEW_ROLLOUT
ObjectNavType/val/013166/raw_navigation_camera__0.mp4,13166,bowl.n.03,True,30,100,"[""Bowl|2|11"", ""Bowl|3|25""]",2,0,,,UNVALIDATED_METADATA_GATE_BLOCKED,NOT_DERIVED_GATE_BLOCKED,,,True,EXISTING_HISTORICAL_EVIDENCE_NO_NEW_ROLLOUT
ObjectNavType/val/011933/raw_navigation_camera__0.mp4,11933,apple.n.01,True,288,46,"[""Apple|8|59""]",1,0,,,UNVALIDATED_METADATA_GATE_BLOCKED,NOT_DERIVED_GATE_BLOCKED,,,True,EXISTING_HISTORICAL_EVIDENCE_NO_NEW_ROLLOUT
ObjectNavType/val/005093/raw_navigation_camera__0.mp4,5093,mug.n.04,True,11,53,"[""ObjaMug|2|1""]",1,1,,,UNVALIDATED_METADATA_GATE_BLOCKED,NOT_DERIVED_GATE_BLOCKED,,,True,EXISTING_HISTORICAL_EVIDENCE_NO_NEW_ROLLOUT
ObjectNavType/val/013419/raw_navigation_camera__0.mp4,13419,ashcan.n.01,False,600,46,"[""ObjaTrashCan|5|2"", ""ObjaTrashCan|7|3""]",2,2,,,UNVALIDATED_METADATA_GATE_BLOCKED,NOT_DERIVED_GATE_BLOCKED,,,True,EXISTING_HISTORICAL_EVIDENCE_NO_NEW_ROLLOUT
ObjectNavType/val/013137/raw_navigation_camera__0.mp4,13137,toilet.n.02,True,50,57,"[""Toilet|5|0"", ""Toilet|7|2""]",2,0,,,UNVALIDATED_METADATA_GATE_BLOCKED,NOT_DERIVED_GATE_BLOCKED,,,True,EXISTING_HISTORICAL_EVIDENCE_NO_NEW_ROLLOUT
ObjectNavType/val/001095/raw_navigation_camera__0.mp4,1095,basketball.n.02,True,21,24,"[""ObjaBasketball|2|0""]",1,1,,,UNVALIDATED_METADATA_GATE_BLOCKED,NOT_DERIVED_GATE_BLOCKED,,,True,EXISTING_HISTORICAL_EVIDENCE_NO_NEW_ROLLOUT
ObjectNavType/val/002819/raw_navigation_camera__0.mp4,2819,basketball.n.02,False,600,70,"[""ObjaBasketball|6|50""]",1,1,,,UNVALIDATED_METADATA_GATE_BLOCKED,NOT_DERIVED_GATE_BLOCKED,,,False,EXISTING_HISTORICAL_EVIDENCE_NO_NEW_ROLLOUT
ObjectNavType/val/011097/raw_navigation_camera__0.mp4,11097,vase.n.01,True,553,88,"[""Vase|2|38""]",1,0,,,UNVALIDATED_METADATA_GATE_BLOCKED,NOT_DERIVED_GATE_BLOCKED,,,True,EXISTING_HISTORICAL_EVIDENCE_NO_NEW_ROLLOUT
ObjectNavType/val/014561/raw_navigation_camera__0.mp4,14561,bowl.n.03,True,15,17,"[""Bowl|4|7"", ""Bowl|8|42"", ""Bowl|9|57""]",3,0,,,UNVALIDATED_METADATA_GATE_BLOCKED,NOT_DERIVED_GATE_BLOCKED,,,True,EXISTING_HISTORICAL_EVIDENCE_NO_NEW_ROLLOUT
ObjectNavType/val/014891/raw_navigation_camera__0.mp4,14891,television_receiver.n.01,True,110,42,"[""television|7|0|1""]",1,0,,,UNVALIDATED_METADATA_GATE_BLOCKED,NOT_DERIVED_GATE_BLOCKED,,,True,EXISTING_HISTORICAL_EVIDENCE_NO_NEW_ROLLOUT
ObjectNavType/val/014788/raw_navigation_camera__0.mp4,14788,television_receiver.n.01,True,31,42,"[""television|7|1|1""]",1,0,,,UNVALIDATED_METADATA_GATE_BLOCKED,NOT_DERIVED_GATE_BLOCKED,,,True,EXISTING_HISTORICAL_EVIDENCE_NO_NEW_ROLLOUT
ObjectNavType/val/000420/raw_navigation_camera__0.mp4,420,mug.n.04,False,8,24,"[""ObjaMilkshake|6|0"", ""ObjaMug|2|33""]",2,2,,,UNVALIDATED_METADATA_GATE_BLOCKED,NOT_DERIVED_GATE_BLOCKED,,,True,EXISTING_HISTORICAL_EVIDENCE_NO_NEW_ROLLOUT
ObjectNavType/val/013337/raw_navigation_camera__0.mp4,13337,sofa.n.01,True,3,12,"[""Sofa|7|1""]",1,0,,,UNVALIDATED_METADATA_GATE_BLOCKED,NOT_DERIVED_GATE_BLOCKED,,,True,EXISTING_HISTORICAL_EVIDENCE_NO_NEW_ROLLOUT
ObjectNavType/val/012692/raw_navigation_camera__0.mp4,12692,bed.n.01,True,408,70,"[""Bed|6|1"", ""double-pillow|7|1|0"", ""single-pillow|8|1|0""]",3,0,,,UNVALIDATED_METADATA_GATE_BLOCKED,NOT_DERIVED_GATE_BLOCKED,,,True,EXISTING_HISTORICAL_EVIDENCE_NO_NEW_ROLLOUT
ObjectNavType/val/014537/raw_navigation_camera__0.mp4,14537,atomizer.n.01,True,7,15,"[""SprayBottle|5|20"", ""SprayBottle|6|31""]",2,0,,,UNVALIDATED_METADATA_GATE_BLOCKED,NOT_DERIVED_GATE_BLOCKED,,,True,EXISTING_HISTORICAL_EVIDENCE_NO_NEW_ROLLOUT
ObjectNavType/val/011033/raw_navigation_camera__0.mp4,11033,vase.n.01,True,7,14,"[""ObjaVase|8|41"", ""Vase|6|32"", ""Vase|9|61""]",3,1,,,UNVALIDATED_METADATA_GATE_BLOCKED,NOT_DERIVED_GATE_BLOCKED,,,True,EXISTING_HISTORICAL_EVIDENCE_NO_NEW_ROLLOUT
ObjectNavType/val/014326/raw_navigation_camera__0.mp4,14326,houseplant.n.01,True,8,17,"[""HousePlant|6|7"", ""floor-house-plant|2|5|0""]",2,0,,,UNVALIDATED_METADATA_GATE_BLOCKED,NOT_DERIVED_GATE_BLOCKED,,,True,EXISTING_HISTORICAL_EVIDENCE_NO_NEW_ROLLOUT
ObjectNavType/val/014975/raw_navigation_camera__0.mp4,14975,ashcan.n.01,True,53,67,"[""GarbageCan|3|2"", ""ObjaTrashCan|3|3""]",2,1,,,UNVALIDATED_METADATA_GATE_BLOCKED,NOT_DERIVED_GATE_BLOCKED,,,True,EXISTING_HISTORICAL_EVIDENCE_NO_NEW_ROLLOUT
ObjectNavType/val/013859/raw_navigation_camera__0.mp4,13859,bed.n.01,True,29,48,"[""single-pillow|2|1|0""]",1,0,,,UNVALIDATED_METADATA_GATE_BLOCKED,NOT_DERIVED_GATE_BLOCKED,,,False,EXISTING_HISTORICAL_EVIDENCE_NO_NEW_ROLLOUT
ObjectNavType/val/008828/raw_navigation_camera__0.mp4,8828,mug.n.04,False,600,70,"[""ObjaMug|6|17""]",1,1,,,UNVALIDATED_METADATA_GATE_BLOCKED,NOT_DERIVED_GATE_BLOCKED,,,True,EXISTING_HISTORICAL_EVIDENCE_NO_NEW_ROLLOUT
ObjectNavType/val/011599/raw_navigation_camera__0.mp4,11599,straight_chair.n.01,True,5,12,"[""chair-diningtable-2|6|1|1"", ""chair-diningtable-2|6|1|2"", ""chair-diningtable|4|4|1""]",3,0,,,UNVALIDATED_METADATA_GATE_BLOCKED,NOT_DERIVED_GATE_BLOCKED,,,True,EXISTING_HISTORICAL_EVIDENCE_NO_NEW_ROLLOUT
ObjectNavType/val/014895/raw_navigation_camera__0.mp4,14895,alarm_clock.n.01,True,115,506,"[""AlarmClock|4|10""]",1,0,,,UNVALIDATED_METADATA_GATE_BLOCKED,NOT_DERIVED_GATE_BLOCKED,,,True,EXISTING_HISTORICAL_EVIDENCE_NO_NEW_ROLLOUT
ObjectNavType/val/012080/raw_navigation_camera__0.mp4,12080,ashcan.n.01,True,69,141,"[""GarbageCan|5|5"", ""ObjaTrashCan|5|3""]",2,1,,,UNVALIDATED_METADATA_GATE_BLOCKED,NOT_DERIVED_GATE_BLOCKED,,,True,EXISTING_HISTORICAL_EVIDENCE_NO_NEW_ROLLOUT
ObjectNavType/val/012045/raw_navigation_camera__0.mp4,12045,television_receiver.n.01,True,41,51,"[""2|3"", ""7|2""]",2,0,,,UNVALIDATED_METADATA_GATE_BLOCKED,NOT_DERIVED_GATE_BLOCKED,,,True,EXISTING_HISTORICAL_EVIDENCE_NO_NEW_ROLLOUT
ObjectNavType/val/013623/raw_navigation_camera__0.mp4,13623,alarm_clock.n.01,False,136,92,"[""AlarmClock|4|11""]",1,0,,,UNVALIDATED_METADATA_GATE_BLOCKED,NOT_DERIVED_GATE_BLOCKED,,,True,EXISTING_HISTORICAL_EVIDENCE_NO_NEW_ROLLOUT
ObjectNavType/val/013812/raw_navigation_camera__0.mp4,13812,television_receiver.n.01,True,31,36,"[""6|5"", ""television|9|2|1""]",2,0,,,UNVALIDATED_METADATA_GATE_BLOCKED,NOT_DERIVED_GATE_BLOCKED,,,True,EXISTING_HISTORICAL_EVIDENCE_NO_NEW_ROLLOUT
ObjectNavType/val/014299/raw_navigation_camera__0.mp4,14299,houseplant.n.01,True,49,63,"[""HousePlant|6|25"", ""floor-house-plant|8|3|0""]",2,0,,,UNVALIDATED_METADATA_GATE_BLOCKED,NOT_DERIVED_GATE_BLOCKED,,,True,EXISTING_HISTORICAL_EVIDENCE_NO_NEW_ROLLOUT
ObjectNavType/val/004110/raw_navigation_camera__0.mp4,4110,basketball.n.02,True,88,47,"[""BasketBall|4|1""]",1,0,,,UNVALIDATED_METADATA_GATE_BLOCKED,NOT_DERIVED_GATE_BLOCKED,,,True,EXISTING_HISTORICAL_EVIDENCE_NO_NEW_ROLLOUT
ObjectNavType/val/013018/raw_navigation_camera__0.mp4,13018,toilet.n.02,True,158,48,"[""Toilet|5|0""]",1,0,,,UNVALIDATED_METADATA_GATE_BLOCKED,NOT_DERIVED_GATE_BLOCKED,,,True,EXISTING_HISTORICAL_EVIDENCE_NO_NEW_ROLLOUT
ObjectNavType/val/010846/raw_navigation_camera__0.mp4,10846,atomizer.n.01,True,68,23,"[""SprayBottle|3|17""]",1,0,,,UNVALIDATED_METADATA_GATE_BLOCKED,NOT_DERIVED_GATE_BLOCKED,,,True,EXISTING_HISTORICAL_EVIDENCE_NO_NEW_ROLLOUT
ObjectNavType/val/013422/raw_navigation_camera__0.mp4,13422,alarm_clock.n.01,False,600,191,"[""AlarmClock|4|8"", ""AlarmClock|6|29""]",2,0,,,UNVALIDATED_METADATA_GATE_BLOCKED,NOT_DERIVED_GATE_BLOCKED,,,False,EXISTING_HISTORICAL_EVIDENCE_NO_NEW_ROLLOUT
ObjectNavType/val/010822/raw_navigation_camera__0.mp4,10822,vase.n.01,True,13,40,"[""Vase|2|45"", ""Vase|6|20"", ""Vase|7|30""]",3,0,,,UNVALIDATED_METADATA_GATE_BLOCKED,NOT_DERIVED_GATE_BLOCKED,,,False,EXISTING_HISTORICAL_EVIDENCE_NO_NEW_ROLLOUT
ObjectNavType/val/014915/raw_navigation_camera__0.mp4,14915,bed.n.01,True,54,59,"[""Bed|6|1"", ""Bed|7|0"", ""Bed|8|0""]",3,0,,,UNVALIDATED_METADATA_GATE_BLOCKED,NOT_DERIVED_GATE_BLOCKED,,,True,EXISTING_HISTORICAL_EVIDENCE_NO_NEW_ROLLOUT
ObjectNavType/val/014314/raw_navigation_camera__0.mp4,14314,straight_chair.n.01,True,37,135,"[""chair-diningtable-4|4|0|1"", ""chair-diningtable-4|4|0|2"", ""chair-diningtable-4|4|0|3"", ""chair-diningtable-4|4|0|4"", ""chair-diningtable|3|3|1""]",5,0,,,UNVALIDATED_METADATA_GATE_BLOCKED,NOT_DERIVED_GATE_BLOCKED,,,True,EXISTING_HISTORICAL_EVIDENCE_NO_NEW_ROLLOUT
ObjectNavType/val/012479/raw_navigation_camera__0.mp4,12479,atomizer.n.01,False,16,28,"[""SprayBottle|2|14""]",1,0,,,UNVALIDATED_METADATA_GATE_BLOCKED,NOT_DERIVED_GATE_BLOCKED,,,True,EXISTING_HISTORICAL_EVIDENCE_NO_NEW_ROLLOUT
ObjectNavType/val/014568/raw_navigation_camera__0.mp4,14568,atomizer.n.01,False,113,158,"[""SprayBottle|7|28""]",1,0,,,UNVALIDATED_METADATA_GATE_BLOCKED,NOT_DERIVED_GATE_BLOCKED,,,False,EXISTING_HISTORICAL_EVIDENCE_NO_NEW_ROLLOUT
ObjectNavType/val/008224/raw_navigation_camera__0.mp4,8224,basketball.n.02,False,179,153,"[""ObjaBasketball|4|0""]",1,1,,,UNVALIDATED_METADATA_GATE_BLOCKED,NOT_DERIVED_GATE_BLOCKED,,,False,EXISTING_HISTORICAL_EVIDENCE_NO_NEW_ROLLOUT
