ordinal_0based,original_row_index,sample_id,house_index,task_path,raw_spec_sha256,p1_selected,worker_id,seed
0,127,"task=ObjectNavType,house=13653,sub_house_id=127",13653,/net/nfs.cirrascale/prior/datasets/vida_datasets/object_nav_v3_benchmark/ObjectNavType/val/013653/raw_navigation_camera__0.mp4,44398b47cda8d2c53c610c33deac2ac76d0b1ac5b57df0ba3b2700de8e48620e,True,0,123
1,103,"task=ObjectNavType,house=13125,sub_house_id=103",13125,/net/nfs.cirrascale/prior/datasets/vida_datasets/object_nav_v3_benchmark/ObjectNavType/val/013125/raw_navigation_camera__0.mp4,5967697a248c5972840adb1b9b137bc5d34d274c9bbb60db9de4df84b7e28f6f,True,0,123
2,16,"task=ObjectNavType,house=10940,sub_house_id=16",10940,/net/nfs.cirrascale/prior/datasets/vida_datasets/object_nav_v3_benchmark/ObjectNavType/val/010940/raw_navigation_camera__0.mp4,4c6787a1138b59c178533417bc3e7c6a378fedaa9cb02d9c2e59a70d2d97fac7,True,0,123
3,6,"task=ObjectNavType,house=2986,sub_house_id=6",2986,/net/nfs.cirrascale/prior/datasets/vida_datasets/object_nav_v3_benchmark/ObjectNavType/val/002986/raw_navigation_camera__0.mp4,e37e396c7b50fdcbc7e2363036a51b9b47bb96ebbb9e81bd3c2144ea9fba8ee8,True,0,123
4,50,"task=ObjectNavType,house=11157,sub_house_id=50",11157,/net/nfs.cirrascale/prior/datasets/vida_datasets/object_nav_v3_benchmark/ObjectNavType/val/011157/raw_navigation_camera__0.mp4,7dda85e0e3aff9297144f48930ccf7c80c6f88793e021508240f06a8330b51e1,True,0,123
5,57,"task=ObjectNavType,house=11549,sub_house_id=57",11549,/net/nfs.cirrascale/prior/datasets/vida_datasets/object_nav_v3_benchmark/ObjectNavType/val/011549/raw_navigation_camera__0.mp4,e6bf000bd514893ff3c821e8482e30b30e3ed531a77f2c4dbb05d4d3ef580efc,False,0,123
6,31,"task=ObjectNavType,house=14636,sub_house_id=31",14636,/net/nfs.cirrascale/prior/datasets/vida_datasets/object_nav_v3_benchmark/ObjectNavType/val/014636/raw_navigation_camera__0.mp4,a9080d92fca8d0d22808e6b4bb85cd40452526bda773422462ae2a28d002cc9c,False,0,123
7,38,"task=ObjectNavType,house=11131,sub_house_id=38",11131,/net/nfs.cirrascale/prior/datasets/vida_datasets/object_nav_v3_benchmark/ObjectNavType/val/011131/raw_navigation_camera__0.mp4,b94de375bb31beaff29cd11e979b9dcb123982a9a66afa172f8bc5de1ed6559f,False,0,123
8,160,"task=ObjectNavType,house=13549,sub_house_id=160",13549,/net/nfs.cirrascale/prior/datasets/vida_datasets/object_nav_v3_benchmark/ObjectNavType/val/013549/raw_navigation_camera__0.mp4,b9224fc370e2df94bb4dfdd27e31c0b2ed2503317bdd932eefad58ed4a0a9d83,False,0,123
9,150,"task=ObjectNavType,house=14945,sub_house_id=150",14945,/net/nfs.cirrascale/prior/datasets/vida_datasets/object_nav_v3_benchmark/ObjectNavType/val/014945/raw_navigation_camera__0.mp4,aa0dca8400156485694b9ce09ea97900b4ee41da9128946155a484415fbdfaa5,False,0,123
10,76,"task=ObjectNavType,house=12507,sub_house_id=76",12507,/net/nfs.cirrascale/prior/datasets/vida_datasets/object_nav_v3_benchmark/ObjectNavType/val/012507/raw_navigation_camera__0.mp4,5b7b45fb6ea8c8a4a4019f255b11f214141d84a49ab77ba90aca683ebbc67d83,False,0,123
11,180,"task=ObjectNavType,house=14901,sub_house_id=180",14901,/net/nfs.cirrascale/prior/datasets/vida_datasets/object_nav_v3_benchmark/ObjectNavType/val/014901/raw_navigation_camera__0.mp4,463dc05d05f92c5a01e9d22ab9262d43eed69f0f590b66d7d0a9f297bd975927,False,0,123
12,30,"task=ObjectNavType,house=11865,sub_house_id=30",11865,/net/nfs.cirrascale/prior/datasets/vida_datasets/object_nav_v3_benchmark/ObjectNavType/val/011865/raw_navigation_camera__0.mp4,5c16e79b51630e7ece96c6ba5681214cee3b0ea998312dfd189fa7f17af7dc68,False,0,123
13,88,"task=ObjectNavType,house=14446,sub_house_id=88",14446,/net/nfs.cirrascale/prior/datasets/vida_datasets/object_nav_v3_benchmark/ObjectNavType/val/014446/raw_navigation_camera__0.mp4,3ee0e29c983114e1513e6ce696d6976019d87ca3007f7b9408821a6d4d9bc878,False,0,123
14,151,"task=ObjectNavType,house=13980,sub_house_id=151",13980,/net/nfs.cirrascale/prior/datasets/vida_datasets/object_nav_v3_benchmark/ObjectNavType/val/013980/raw_navigation_camera__0.mp4,cc25e2d74fb5e3473a75f68ca0f4af364c97a658af6786036ed06c915dd3ddab,False,0,123
15,28,"task=ObjectNavType,house=12350,sub_house_id=28",12350,/net/nfs.cirrascale/prior/datasets/vida_datasets/object_nav_v3_benchmark/ObjectNavType/val/012350/raw_navigation_camera__0.mp4,e3576753962776a073bf12fa99c8a8611ebfe248a3a549e157dec0102df91e74,False,0,123
16,37,"task=ObjectNavType,house=13634,sub_house_id=37",13634,/net/nfs.cirrascale/prior/datasets/vida_datasets/object_nav_v3_benchmark/ObjectNavType/val/013634/raw_navigation_camera__0.mp4,7cb1ac28bb5de4bafe5919db780e3a03eda95dad3683a23a7411eba189705b97,False,0,123
17,193,"task=ObjectNavType,house=14330,sub_house_id=193",14330,/net/nfs.cirrascale/prior/datasets/vida_datasets/object_nav_v3_benchmark/ObjectNavType/val/014330/raw_navigation_camera__0.mp4,b92d13b206ed2181c86058683c4f775f45eb387a2daf2ff987830c1da58aabb6,False,0,123
18,84,"task=ObjectNavType,house=13415,sub_house_id=84",13415,/net/nfs.cirrascale/prior/datasets/vida_datasets/object_nav_v3_benchmark/ObjectNavType/val/013415/raw_navigation_camera__0.mp4,978a74b77f66200209883b281045a88a8e62149318a8c51575dd9345b0cdb94e,False,0,123
19,162,"task=ObjectNavType,house=13886,sub_house_id=162",13886,/net/nfs.cirrascale/prior/datasets/vida_datasets/object_nav_v3_benchmark/ObjectNavType/val/013886/raw_navigation_camera__0.mp4,e1b77ba50f010a58ad4d7234c21c107370211e7f1f1092b730febfc08fc0e1dd,False,0,123
20,79,"task=ObjectNavType,house=12793,sub_house_id=79",12793,/net/nfs.cirrascale/prior/datasets/vida_datasets/object_nav_v3_benchmark/ObjectNavType/val/012793/raw_navigation_camera__0.mp4,20e8686abd1acc45e1a091c9ed16c21e888555104affb8249ecbe3b8698948bd,False,0,123
21,14,"task=ObjectNavType,house=9839,sub_house_id=14",9839,/net/nfs.cirrascale/prior/datasets/vida_datasets/object_nav_v3_benchmark/ObjectNavType/val/009839/raw_navigation_camera__0.mp4,62808543c5ee46612cbe907738ed2f45ba4b7879cef935a5e29b0e3605b54a96,False,0,123
22,141,"task=ObjectNavType,house=13027,sub_house_id=141",13027,/net/nfs.cirrascale/prior/datasets/vida_datasets/object_nav_v3_benchmark/ObjectNavType/val/013027/raw_navigation_camera__0.mp4,802b06159a9889cd832f1f360269e457ba4d96349f61da23038d9e616c823f90,False,0,123
23,39,"task=ObjectNavType,house=14397,sub_house_id=39",14397,/net/nfs.cirrascale/prior/datasets/vida_datasets/object_nav_v3_benchmark/ObjectNavType/val/014397/raw_navigation_camera__0.mp4,4d49cdad456b2716fe814c542aeee7fab5cb510ccd1a12720b1ad3fe19384bae,False,0,123
24,93,"task=ObjectNavType,house=12785,sub_house_id=93",12785,/net/nfs.cirrascale/prior/datasets/vida_datasets/object_nav_v3_benchmark/ObjectNavType/val/012785/raw_navigation_camera__0.mp4,8ce4a7ae55f4b0b40d95c7ac1033bc32bf6cf9a87d3271d541f5f3a3ce8ed2e2,False,0,123
25,155,"task=ObjectNavType,house=13639,sub_house_id=155",13639,/net/nfs.cirrascale/prior/datasets/vida_datasets/object_nav_v3_benchmark/ObjectNavType/val/013639/raw_navigation_camera__0.mp4,18072ab8ade5c5f65ca8c5bac042fc9423fd25ffd30c864c37fc99673cf26014,False,0,123
26,12,"task=ObjectNavType,house=8027,sub_house_id=12",8027,/net/nfs.cirrascale/prior/datasets/vida_datasets/object_nav_v3_benchmark/ObjectNavType/val/008027/raw_navigation_camera__0.mp4,b80ca5f95e345818a8cc76bea997a569548cf79f470622f571c0c761ac0ef89c,False,0,123
27,195,"task=ObjectNavType,house=14592,sub_house_id=195",14592,/net/nfs.cirrascale/prior/datasets/vida_datasets/object_nav_v3_benchmark/ObjectNavType/val/014592/raw_navigation_camera__0.mp4,94d33b249123742190d8981dd57600a5a1f91cdea0b44fb2b64c6d8abc93f53a,False,0,123
28,25,"task=ObjectNavType,house=11881,sub_house_id=25",11881,/net/nfs.cirrascale/prior/datasets/vida_datasets/object_nav_v3_benchmark/ObjectNavType/val/011881/raw_navigation_camera__0.mp4,c1c97f20ea2cc730d62ed81ce4181eb237750c0ef77f00eb5fdbb2f153a40b45,False,0,123
29,44,"task=ObjectNavType,house=14643,sub_house_id=44",14643,/net/nfs.cirrascale/prior/datasets/vida_datasets/object_nav_v3_benchmark/ObjectNavType/val/014643/raw_navigation_camera__0.mp4,3845f71fda3164f0666bd09d96602a8de14a45f09db143eac90195d7054f6336,False,0,123
30,20,"task=ObjectNavType,house=13489,sub_house_id=20",13489,/net/nfs.cirrascale/prior/datasets/vida_datasets/object_nav_v3_benchmark/ObjectNavType/val/013489/raw_navigation_camera__0.mp4,f30fd1b3d76ab22ce501eb0dd8b89254b7e81465fcd8c885717d7779a952588c,False,0,123
31,118,"task=ObjectNavType,house=13426,sub_house_id=118",13426,/net/nfs.cirrascale/prior/datasets/vida_datasets/object_nav_v3_benchmark/ObjectNavType/val/013426/raw_navigation_camera__0.mp4,674f99a198a44d21d5e6a2de397abe470147833ef079d576df7a408b7cbf6eee,False,0,123
32,91,"task=ObjectNavType,house=13819,sub_house_id=91",13819,/net/nfs.cirrascale/prior/datasets/vida_datasets/object_nav_v3_benchmark/ObjectNavType/val/013819/raw_navigation_camera__0.mp4,0a160da577ccbba803ab9fcad543631186d764ff6599dc7d07849bfa973e7c02,False,0,123
33,77,"task=ObjectNavType,house=14457,sub_house_id=77",14457,/net/nfs.cirrascale/prior/datasets/vida_datasets/object_nav_v3_benchmark/ObjectNavType/val/014457/raw_navigation_camera__0.mp4,3d8433419da539535779c775a68c244048d556cdf13cc21e5500286e81d4023a,False,0,123
34,47,"task=ObjectNavType,house=11535,sub_house_id=47",11535,/net/nfs.cirrascale/prior/datasets/vida_datasets/object_nav_v3_benchmark/ObjectNavType/val/011535/raw_navigation_camera__0.mp4,1c6eba552a9c40e42513a2e512dd8a6aef578b02feb2170e8d1a7d7bb895dd6f,False,0,123
35,126,"task=ObjectNavType,house=13449,sub_house_id=126",13449,/net/nfs.cirrascale/prior/datasets/vida_datasets/object_nav_v3_benchmark/ObjectNavType/val/013449/raw_navigation_camera__0.mp4,11caca54407376bb7b2500798c8b2f33097c2eb5545ecd46ac56f5de318b773f,False,0,123
36,128,"task=ObjectNavType,house=14947,sub_house_id=128",14947,/net/nfs.cirrascale/prior/datasets/vida_datasets/object_nav_v3_benchmark/ObjectNavType/val/014947/raw_navigation_camera__0.mp4,a57a30d1e05d8212a86f25516b9624d32ca1a124c0ff05777305361026403021,False,0,123
37,102,"task=ObjectNavType,house=13668,sub_house_id=102",13668,/net/nfs.cirrascale/prior/datasets/vida_datasets/object_nav_v3_benchmark/ObjectNavType/val/013668/raw_navigation_camera__0.mp4,bb3f49a001b5543c4e22a2c813d62d99954f2b7d62a0658259110496eb361c6e,False,0,123
38,139,"task=ObjectNavType,house=13923,sub_house_id=139",13923,/net/nfs.cirrascale/prior/datasets/vida_datasets/object_nav_v3_benchmark/ObjectNavType/val/013923/raw_navigation_camera__0.mp4,5b48a56ef4c564282402d4b3e27a2759ad719d6b6898fd10f4670e8f6c0a9ae9,False,0,123
39,82,"task=ObjectNavType,house=12370,sub_house_id=82",12370,/net/nfs.cirrascale/prior/datasets/vida_datasets/object_nav_v3_benchmark/ObjectNavType/val/012370/raw_navigation_camera__0.mp4,dcc14aa3472ac22c0ec20ada7feb27e5c06f9d568142780b64d08338004e132b,False,0,123
40,138,"task=ObjectNavType,house=13391,sub_house_id=138",13391,/net/nfs.cirrascale/prior/datasets/vida_datasets/object_nav_v3_benchmark/ObjectNavType/val/013391/raw_navigation_camera__0.mp4,853c6803fa528de99fb1d98977e45bcac9847cac17fd639e01ed48c61e999bf8,False,0,123
41,109,"task=ObjectNavType,house=13169,sub_house_id=109",13169,/net/nfs.cirrascale/prior/datasets/vida_datasets/object_nav_v3_benchmark/ObjectNavType/val/013169/raw_navigation_camera__0.mp4,cc39c11a8fc4b7e952b64904d3c96b511bb8220973b6c3d4be90055197343d36,False,0,123
42,66,"task=ObjectNavType,house=13276,sub_house_id=66",13276,/net/nfs.cirrascale/prior/datasets/vida_datasets/object_nav_v3_benchmark/ObjectNavType/val/013276/raw_navigation_camera__0.mp4,1281ab2738099b0dcc8dcd7c5bc25774145eb4502f0156263fba3e3be9dc4947,False,0,123
43,54,"task=ObjectNavType,house=13226,sub_house_id=54",13226,/net/nfs.cirrascale/prior/datasets/vida_datasets/object_nav_v3_benchmark/ObjectNavType/val/013226/raw_navigation_camera__0.mp4,accabd2ab23b8742d7298f91ce2c88b28ffab2de1dbf8f0acd35867a78946f99,False,0,123
44,90,"task=ObjectNavType,house=13911,sub_house_id=90",13911,/net/nfs.cirrascale/prior/datasets/vida_datasets/object_nav_v3_benchmark/ObjectNavType/val/013911/raw_navigation_camera__0.mp4,bbafdad7d2148e429f8d6f5b905ed8196a377243728b543fbaef96e0d3564bc1,False,0,123
45,15,"task=ObjectNavType,house=8786,sub_house_id=15",8786,/net/nfs.cirrascale/prior/datasets/vida_datasets/object_nav_v3_benchmark/ObjectNavType/val/008786/raw_navigation_camera__0.mp4,320d1151414a812598478fb3ee25c4280a8d8400c0ab88c24d199e3c86f1d0ac,False,0,123
46,42,"task=ObjectNavType,house=12273,sub_house_id=42",12273,/net/nfs.cirrascale/prior/datasets/vida_datasets/object_nav_v3_benchmark/ObjectNavType/val/012273/raw_navigation_camera__0.mp4,e8f4b4f1b6cd6496a850c7008e88a7238bfae241ada737030f6aa297888c06e1,False,0,123
47,166,"task=ObjectNavType,house=13731,sub_house_id=166",13731,/net/nfs.cirrascale/prior/datasets/vida_datasets/object_nav_v3_benchmark/ObjectNavType/val/013731/raw_navigation_camera__0.mp4,4eb39a0a8f9e6c974793850d1720c488f5f6f60d5f12eb130b3ab74968138dcb,False,0,123
48,70,"task=ObjectNavType,house=14122,sub_house_id=70",14122,/net/nfs.cirrascale/prior/datasets/vida_datasets/object_nav_v3_benchmark/ObjectNavType/val/014122/raw_navigation_camera__0.mp4,29a8269087fcd0a4b0abb29594984a03aae454a53537c9602b5c6845d6ee1cb7,False,0,123
49,174,"task=ObjectNavType,house=14044,sub_house_id=174",14044,/net/nfs.cirrascale/prior/datasets/vida_datasets/object_nav_v3_benchmark/ObjectNavType/val/014044/raw_navigation_camera__0.mp4,2ebef9d4411765577e0a823457be6a07daa19f1c50e7af2f765d858482dbbedb,False,0,123
50,157,"task=ObjectNavType,house=14243,sub_house_id=157",14243,/net/nfs.cirrascale/prior/datasets/vida_datasets/object_nav_v3_benchmark/ObjectNavType/val/014243/raw_navigation_camera__0.mp4,a5cf5c26fa72556616f9f58abf28262c0207a1acb749c7dc15852db248800249,False,0,123
51,4,"task=ObjectNavType,house=1852,sub_house_id=4",1852,/net/nfs.cirrascale/prior/datasets/vida_datasets/object_nav_v3_benchmark/ObjectNavType/val/001852/raw_navigation_camera__0.mp4,5923c0f7a8b060b25d25a1a4f5285efedcca158e3b38143076ef3793dca824f8,False,0,123
52,154,"task=ObjectNavType,house=14416,sub_house_id=154",14416,/net/nfs.cirrascale/prior/datasets/vida_datasets/object_nav_v3_benchmark/ObjectNavType/val/014416/raw_navigation_camera__0.mp4,e0bc84cd430ec780e8b2b290e8f1017907ab5726f48f85e6b3e5be1849cb131c,False,0,123
53,125,"task=ObjectNavType,house=14286,sub_house_id=125",14286,/net/nfs.cirrascale/prior/datasets/vida_datasets/object_nav_v3_benchmark/ObjectNavType/val/014286/raw_navigation_camera__0.mp4,179c39ff978810c6b4f2a462e3f60d55864f8b65dc23c865da87efa4fdfbdad8,False,0,123
54,72,"task=ObjectNavType,house=12454,sub_house_id=72",12454,/net/nfs.cirrascale/prior/datasets/vida_datasets/object_nav_v3_benchmark/ObjectNavType/val/012454/raw_navigation_camera__0.mp4,4f7581210e2bad00167f19410e6a04df028c7b6fdf6243a75059dc8c9b3308ad,False,0,123
55,185,"task=ObjectNavType,house=14510,sub_house_id=185",14510,/net/nfs.cirrascale/prior/datasets/vida_datasets/object_nav_v3_benchmark/ObjectNavType/val/014510/raw_navigation_camera__0.mp4,0c1c6735d121986e76a853b55acb4bf18a0db29e556230841ddad58cf2afa35f,False,0,123
56,71,"task=ObjectNavType,house=12231,sub_house_id=71",12231,/net/nfs.cirrascale/prior/datasets/vida_datasets/object_nav_v3_benchmark/ObjectNavType/val/012231/raw_navigation_camera__0.mp4,3350c85e6902b0c825d96f30ccf697836ce78195230538422dccef94c6358f65,False,0,123
57,173,"task=ObjectNavType,house=13818,sub_house_id=173",13818,/net/nfs.cirrascale/prior/datasets/vida_datasets/object_nav_v3_benchmark/ObjectNavType/val/013818/raw_navigation_camera__0.mp4,9c570d38b098b5fcb7c88162ec35e314c894557f3f471be3bd64010beccc06db,False,0,123
58,168,"task=ObjectNavType,house=14684,sub_house_id=168",14684,/net/nfs.cirrascale/prior/datasets/vida_datasets/object_nav_v3_benchmark/ObjectNavType/val/014684/raw_navigation_camera__0.mp4,4be3b3ac995e7db701c81abe499c810b94d746e354ff0afb82938efe1e40777f,False,0,123
59,135,"task=ObjectNavType,house=14932,sub_house_id=135",14932,/net/nfs.cirrascale/prior/datasets/vida_datasets/object_nav_v3_benchmark/ObjectNavType/val/014932/raw_navigation_camera__0.mp4,265bb14f672db1c05e13a6cbc609d64eefb70e65cefbcc5f5f3f3ff87f15a586,False,0,123
60,35,"task=ObjectNavType,house=12445,sub_house_id=35",12445,/net/nfs.cirrascale/prior/datasets/vida_datasets/object_nav_v3_benchmark/ObjectNavType/val/012445/raw_navigation_camera__0.mp4,f0eb63f02f20d41b9c5bd8f3f34b0577092191bf2c6186940bc8c80bb419d4d6,False,0,123
61,98,"task=ObjectNavType,house=12592,sub_house_id=98",12592,/net/nfs.cirrascale/prior/datasets/vida_datasets/object_nav_v3_benchmark/ObjectNavType/val/012592/raw_navigation_camera__0.mp4,298d44db613edac9f2cee0c3e128da110c32b1daec113b058ccf05867326cfd5,False,0,123
62,145,"task=ObjectNavType,house=13687,sub_house_id=145",13687,/net/nfs.cirrascale/prior/datasets/vida_datasets/object_nav_v3_benchmark/ObjectNavType/val/013687/raw_navigation_camera__0.mp4,09d328f0fa39cc6c3248ac7f51ebcc72fa6296fd1b48e7856832ef466935b25f,False,0,123
63,60,"task=ObjectNavType,house=12375,sub_house_id=60",12375,/net/nfs.cirrascale/prior/datasets/vida_datasets/object_nav_v3_benchmark/ObjectNavType/val/012375/raw_navigation_camera__0.mp4,2578881da0c56f9597bd7b9e536e3e21793442ef5c681c6bbfb1525d8c95fab8,False,0,123
64,33,"task=ObjectNavType,house=13298,sub_house_id=33",13298,/net/nfs.cirrascale/prior/datasets/vida_datasets/object_nav_v3_benchmark/ObjectNavType/val/013298/raw_navigation_camera__0.mp4,2542061cc7d3f21c8784bf2e734f1a786d154a9348e342c8bff0ae43ab4989d1,False,0,123
65,178,"task=ObjectNavType,house=14988,sub_house_id=178",14988,/net/nfs.cirrascale/prior/datasets/vida_datasets/object_nav_v3_benchmark/ObjectNavType/val/014988/raw_navigation_camera__0.mp4,1cec59a516fa50cfdeac2b09990258feb39866ab78363209d7bc4100bb8e0e80,False,0,123
66,147,"task=ObjectNavType,house=14840,sub_house_id=147",14840,/net/nfs.cirrascale/prior/datasets/vida_datasets/object_nav_v3_benchmark/ObjectNavType/val/014840/raw_navigation_camera__0.mp4,e12900a1d2956242842fbbcfb78df15a92e3db55f4724d084d1cf06e206f2c7a,False,0,123
67,149,"task=ObjectNavType,house=14034,sub_house_id=149",14034,/net/nfs.cirrascale/prior/datasets/vida_datasets/object_nav_v3_benchmark/ObjectNavType/val/014034/raw_navigation_camera__0.mp4,f9e098d611877b569d897884b84a251615f2ca930d31ccb993d79a3d0f32c472,False,0,123
68,156,"task=ObjectNavType,house=14454,sub_house_id=156",14454,/net/nfs.cirrascale/prior/datasets/vida_datasets/object_nav_v3_benchmark/ObjectNavType/val/014454/raw_navigation_camera__0.mp4,ea9a3237f8e226818385ab2fdb5d31f5840d6819feedb9e4a247d78a3a9d8110,False,0,123
69,129,"task=ObjectNavType,house=13205,sub_house_id=129",13205,/net/nfs.cirrascale/prior/datasets/vida_datasets/object_nav_v3_benchmark/ObjectNavType/val/013205/raw_navigation_camera__0.mp4,e5e5afb0d105cb807ca518d2b74753e7a6a6ef2b14792c4aa431c2b4fd959f13,False,0,123
70,94,"task=ObjectNavType,house=14129,sub_house_id=94",14129,/net/nfs.cirrascale/prior/datasets/vida_datasets/object_nav_v3_benchmark/ObjectNavType/val/014129/raw_navigation_camera__0.mp4,13ef1bf1dfc3754dda31d688cbbcf518d02eb9bba46ca2248781cde2ebec270c,False,0,123
71,89,"task=ObjectNavType,house=12606,sub_house_id=89",12606,/net/nfs.cirrascale/prior/datasets/vida_datasets/object_nav_v3_benchmark/ObjectNavType/val/012606/raw_navigation_camera__0.mp4,12e8d8b21f549489486311fa041ce7505ade6efd63895b7cb610e78319cd9443,False,0,123
72,140,"task=ObjectNavType,house=13464,sub_house_id=140",13464,/net/nfs.cirrascale/prior/datasets/vida_datasets/object_nav_v3_benchmark/ObjectNavType/val/013464/raw_navigation_camera__0.mp4,d2e062ae22dc40dea2fe39bf9ee3b914e773c3ce2c46d15907fc57bb10197703,False,0,123
73,10,"task=ObjectNavType,house=6954,sub_house_id=10",6954,/net/nfs.cirrascale/prior/datasets/vida_datasets/object_nav_v3_benchmark/ObjectNavType/val/006954/raw_navigation_camera__0.mp4,fc20e0fbfe46c7138e15f31b9d1f4c2cf3cc1fc0c100e638277401db97270dca,False,0,123
74,119,"task=ObjectNavType,house=14064,sub_house_id=119",14064,/net/nfs.cirrascale/prior/datasets/vida_datasets/object_nav_v3_benchmark/ObjectNavType/val/014064/raw_navigation_camera__0.mp4,ac838b23b65a3b5a15c7460c7fdb5bacdbecb71af0466af821873b4d0c83276d,False,0,123
75,83,"task=ObjectNavType,house=13527,sub_house_id=83",13527,/net/nfs.cirrascale/prior/datasets/vida_datasets/object_nav_v3_benchmark/ObjectNavType/val/013527/raw_navigation_camera__0.mp4,ff015ea0d12460df006a63e66baacb1e3febc4931061523993b666ffda374047,False,0,123
76,65,"task=ObjectNavType,house=13265,sub_house_id=65",13265,/net/nfs.cirrascale/prior/datasets/vida_datasets/object_nav_v3_benchmark/ObjectNavType/val/013265/raw_navigation_camera__0.mp4,254492abad0af24638bdf73b6d50054dcb476a7003d51374e9451fe97ed57c80,False,0,123
77,182,"task=ObjectNavType,house=14811,sub_house_id=182",14811,/net/nfs.cirrascale/prior/datasets/vida_datasets/object_nav_v3_benchmark/ObjectNavType/val/014811/raw_navigation_camera__0.mp4,1e04a8268eb66618ad9bb99db5c03101ac5cd5e739a6bc1702dd97376410a98d,False,0,123
78,186,"task=ObjectNavType,house=14067,sub_house_id=186",14067,/net/nfs.cirrascale/prior/datasets/vida_datasets/object_nav_v3_benchmark/ObjectNavType/val/014067/raw_navigation_camera__0.mp4,3d148a5e92cbdac37f2518272b305b3db24b4c1e79f09dbac83f35fa17a63c1e,False,0,123
79,177,"task=ObjectNavType,house=14774,sub_house_id=177",14774,/net/nfs.cirrascale/prior/datasets/vida_datasets/object_nav_v3_benchmark/ObjectNavType/val/014774/raw_navigation_camera__0.mp4,b4419f8d032809593d5d65f926a72fd9c4dfb18e491e8db69f163cf9b7fa6ece,False,0,123
80,53,"task=ObjectNavType,house=11321,sub_house_id=53",11321,/net/nfs.cirrascale/prior/datasets/vida_datasets/object_nav_v3_benchmark/ObjectNavType/val/011321/raw_navigation_camera__0.mp4,df1cb8bae4d0cd3b6a057011740de6a3c4979220bb321acc5d0b24a8cd902bbf,False,0,123
81,55,"task=ObjectNavType,house=11295,sub_house_id=55",11295,/net/nfs.cirrascale/prior/datasets/vida_datasets/object_nav_v3_benchmark/ObjectNavType/val/011295/raw_navigation_camera__0.mp4,6a1fd1b2a7e48b232a415936f374c98f5e3988c7101da29e91bec3d9a45161f1,False,0,123
82,184,"task=ObjectNavType,house=14854,sub_house_id=184",14854,/net/nfs.cirrascale/prior/datasets/vida_datasets/object_nav_v3_benchmark/ObjectNavType/val/014854/raw_navigation_camera__0.mp4,0296e85952200be6fcf73f401ccc8de55351817763289846218dde0bd0ebc0a2,False,0,123
83,113,"task=ObjectNavType,house=12952,sub_house_id=113",12952,/net/nfs.cirrascale/prior/datasets/vida_datasets/object_nav_v3_benchmark/ObjectNavType/val/012952/raw_navigation_camera__0.mp4,919577ba57f2a963b162efb5d84cba3a305e31a68dc39274df6c678d33d09f8c,False,0,123
84,164,"task=ObjectNavType,house=13445,sub_house_id=164",13445,/net/nfs.cirrascale/prior/datasets/vida_datasets/object_nav_v3_benchmark/ObjectNavType/val/013445/raw_navigation_camera__0.mp4,d67efad9de43f8295563bbce371a0d53a3308e445c39d13ef3fcc65d54ca8995,False,0,123
85,159,"task=ObjectNavType,house=13699,sub_house_id=159",13699,/net/nfs.cirrascale/prior/datasets/vida_datasets/object_nav_v3_benchmark/ObjectNavType/val/013699/raw_navigation_camera__0.mp4,c46884a0c07cbaa01dbba3b56566c1f971a8bb9312a78ee6174fab985eb9de6b,False,0,123
86,121,"task=ObjectNavType,house=13264,sub_house_id=121",13264,/net/nfs.cirrascale/prior/datasets/vida_datasets/object_nav_v3_benchmark/ObjectNavType/val/013264/raw_navigation_camera__0.mp4,57f23ae085c062007e647bf1550cc5f26b067554dee8779f68ebe161d0f86e02,False,0,123
87,58,"task=ObjectNavType,house=12036,sub_house_id=58",12036,/net/nfs.cirrascale/prior/datasets/vida_datasets/object_nav_v3_benchmark/ObjectNavType/val/012036/raw_navigation_camera__0.mp4,0cf754bac13cf17d937fb98814f16d54694ae6b0f44942d09cbaaca6ec206254,False,0,123
88,172,"task=ObjectNavType,house=14168,sub_house_id=172",14168,/net/nfs.cirrascale/prior/datasets/vida_datasets/object_nav_v3_benchmark/ObjectNavType/val/014168/raw_navigation_camera__0.mp4,4fba30d77e9e63f20892b974be09351fdaea16d46fc97998db4fdedbce1b71ce,False,0,123
89,115,"task=ObjectNavType,house=14728,sub_house_id=115",14728,/net/nfs.cirrascale/prior/datasets/vida_datasets/object_nav_v3_benchmark/ObjectNavType/val/014728/raw_navigation_camera__0.mp4,82dff5d6501799eb066ed1816eaa97ac389725abc4a2419522bf815606c70da9,False,0,123
90,163,"task=ObjectNavType,house=13436,sub_house_id=163",13436,/net/nfs.cirrascale/prior/datasets/vida_datasets/object_nav_v3_benchmark/ObjectNavType/val/013436/raw_navigation_camera__0.mp4,1e6bd20acf9a85d3bce2853427ca4dc9b65082f342fef3cdf2d764833122e8b0,False,0,123
91,59,"task=ObjectNavType,house=14234,sub_house_id=59",14234,/net/nfs.cirrascale/prior/datasets/vida_datasets/object_nav_v3_benchmark/ObjectNavType/val/014234/raw_navigation_camera__0.mp4,f899ab06b2c91470136ecbc4bda91de59621b41d8c2e6dfdf483726cbc4b727f,False,0,123
92,48,"task=ObjectNavType,house=11819,sub_house_id=48",11819,/net/nfs.cirrascale/prior/datasets/vida_datasets/object_nav_v3_benchmark/ObjectNavType/val/011819/raw_navigation_camera__0.mp4,f19af507c5fbaaf70729503b6afd4305f7e8a231df88d95d329ee1ee486a53be,False,0,123
93,56,"task=ObjectNavType,house=13297,sub_house_id=56",13297,/net/nfs.cirrascale/prior/datasets/vida_datasets/object_nav_v3_benchmark/ObjectNavType/val/013297/raw_navigation_camera__0.mp4,ce683c0a43d39269e281d2c65707ca9bb317795fd74db61ec6c87af93e07e39a,False,0,123
94,161,"task=ObjectNavType,house=13529,sub_house_id=161",13529,/net/nfs.cirrascale/prior/datasets/vida_datasets/object_nav_v3_benchmark/ObjectNavType/val/013529/raw_navigation_camera__0.mp4,74ba51d6a694003fbd8cf5d0c3b032996014fb5d12764575d2cd63170cf097a2,False,0,123
95,19,"task=ObjectNavType,house=12854,sub_house_id=19",12854,/net/nfs.cirrascale/prior/datasets/vida_datasets/object_nav_v3_benchmark/ObjectNavType/val/012854/raw_navigation_camera__0.mp4,ad372dc0ee2f0a00af9340a9f201bebb73a32bc58d4e3446723a9f30206d0e64,False,0,123
96,175,"task=ObjectNavType,house=13708,sub_house_id=175",13708,/net/nfs.cirrascale/prior/datasets/vida_datasets/object_nav_v3_benchmark/ObjectNavType/val/013708/raw_navigation_camera__0.mp4,48e66f5538a6b117fde31d1d8b04188d7af77c4e4f4038ecff2aa6ee0ec37857,False,0,123
97,61,"task=ObjectNavType,house=11633,sub_house_id=61",11633,/net/nfs.cirrascale/prior/datasets/vida_datasets/object_nav_v3_benchmark/ObjectNavType/val/011633/raw_navigation_camera__0.mp4,5c0e312b17a2d1879fd9a2189b8995a96eaf303254d442bf9f6bfcc95d653f90,False,0,123
98,69,"task=ObjectNavType,house=12637,sub_house_id=69",12637,/net/nfs.cirrascale/prior/datasets/vida_datasets/object_nav_v3_benchmark/ObjectNavType/val/012637/raw_navigation_camera__0.mp4,22ffea45891ad8342642fbf694dd3bc718e112f01f323c721f8124b126964b46,False,0,123
99,112,"task=ObjectNavType,house=12953,sub_house_id=112",12953,/net/nfs.cirrascale/prior/datasets/vida_datasets/object_nav_v3_benchmark/ObjectNavType/val/012953/raw_navigation_camera__0.mp4,c15b59be137f423bea589fa892fee881c63b0a9c4366afded80a3efa49d37a8a,False,0,123
100,108,"task=ObjectNavType,house=13392,sub_house_id=108",13392,/net/nfs.cirrascale/prior/datasets/vida_datasets/object_nav_v3_benchmark/ObjectNavType/val/013392/raw_navigation_camera__0.mp4,217996841da7c429ca23eec9ebcdb5d9057b3fa2315935d5188788429e89836f,False,0,123
101,117,"task=ObjectNavType,house=13975,sub_house_id=117",13975,/net/nfs.cirrascale/prior/datasets/vida_datasets/object_nav_v3_benchmark/ObjectNavType/val/013975/raw_navigation_camera__0.mp4,7c432a123a9376d044a9dc076f811b9c04ed2451870a67f3c24f4f677263be03,False,0,123
102,191,"task=ObjectNavType,house=14782,sub_house_id=191",14782,/net/nfs.cirrascale/prior/datasets/vida_datasets/object_nav_v3_benchmark/ObjectNavType/val/014782/raw_navigation_camera__0.mp4,df67cef18a115487b64143c067d3d5a25d907bb6fabcad09ab5bbf6c9f0dcc8b,False,0,123
103,63,"task=ObjectNavType,house=12266,sub_house_id=63",12266,/net/nfs.cirrascale/prior/datasets/vida_datasets/object_nav_v3_benchmark/ObjectNavType/val/012266/raw_navigation_camera__0.mp4,e5d2e64d1d78ac91b2bbc841df6dd6afc998d0f1f7a2fd0d277476d4064ba1fa,False,0,123
104,165,"task=ObjectNavType,house=14499,sub_house_id=165",14499,/net/nfs.cirrascale/prior/datasets/vida_datasets/object_nav_v3_benchmark/ObjectNavType/val/014499/raw_navigation_camera__0.mp4,87cbd929ea640646102cb8e250870118029c10dcca1bbaa5c8f0a30974e110d9,False,0,123
105,81,"task=ObjectNavType,house=14172,sub_house_id=81",14172,/net/nfs.cirrascale/prior/datasets/vida_datasets/object_nav_v3_benchmark/ObjectNavType/val/014172/raw_navigation_camera__0.mp4,e47f87ecbfab298fd2685fd8fe0c3139e3718b6aa36c792dbd351a3b053e248c,False,0,123
106,7,"task=ObjectNavType,house=4495,sub_house_id=7",4495,/net/nfs.cirrascale/prior/datasets/vida_datasets/object_nav_v3_benchmark/ObjectNavType/val/004495/raw_navigation_camera__0.mp4,de7cd5e5dfc05501e304d2ddf9f73d5815aa6d1170be6c2f119d270e63225839,False,0,123
107,105,"task=ObjectNavType,house=12696,sub_house_id=105",12696,/net/nfs.cirrascale/prior/datasets/vida_datasets/object_nav_v3_benchmark/ObjectNavType/val/012696/raw_navigation_camera__0.mp4,ff7f33e422e89900bc36ab3bbae2cd2f98ba219f7c32a2484a8a8df4dea77000,False,0,123
108,92,"task=ObjectNavType,house=13968,sub_house_id=92",13968,/net/nfs.cirrascale/prior/datasets/vida_datasets/object_nav_v3_benchmark/ObjectNavType/val/013968/raw_navigation_camera__0.mp4,bdc865368e94b6d7ff1164b2feedcf1c2c2a371fdc294dde43d6ca4132326fce,False,0,123
109,64,"task=ObjectNavType,house=12771,sub_house_id=64",12771,/net/nfs.cirrascale/prior/datasets/vida_datasets/object_nav_v3_benchmark/ObjectNavType/val/012771/raw_navigation_camera__0.mp4,b0494d15d0466dbaf3bd7f8d7c1594e7f6b1bbda84fdd5f7cec14122adf2946a,False,0,123
110,194,"task=ObjectNavType,house=14424,sub_house_id=194",14424,/net/nfs.cirrascale/prior/datasets/vida_datasets/object_nav_v3_benchmark/ObjectNavType/val/014424/raw_navigation_camera__0.mp4,99a545d915832e8bf3423617f7ebaf47367fa793a245762d5551315dc6da62fb,False,0,123
111,51,"task=ObjectNavType,house=12245,sub_house_id=51",12245,/net/nfs.cirrascale/prior/datasets/vida_datasets/object_nav_v3_benchmark/ObjectNavType/val/012245/raw_navigation_camera__0.mp4,021dd7daa4c859221ba728df2b9adea8dbcdbcbb6fe2f138eaa05f314f12f417,False,0,123
112,29,"task=ObjectNavType,house=13807,sub_house_id=29",13807,/net/nfs.cirrascale/prior/datasets/vida_datasets/object_nav_v3_benchmark/ObjectNavType/val/013807/raw_navigation_camera__0.mp4,bc57d91b5c6780d240b993321789b3ebc393cbe257a9596a3b65794e1c296761,False,0,123
113,45,"task=ObjectNavType,house=13238,sub_house_id=45",13238,/net/nfs.cirrascale/prior/datasets/vida_datasets/object_nav_v3_benchmark/ObjectNavType/val/013238/raw_navigation_camera__0.mp4,1bdf1946e335f08613fd2e6ecd69e667b8868db524eae58e9945361ea7f9d762,False,0,123
114,169,"task=ObjectNavType,house=14423,sub_house_id=169",14423,/net/nfs.cirrascale/prior/datasets/vida_datasets/object_nav_v3_benchmark/ObjectNavType/val/014423/raw_navigation_camera__0.mp4,44a3a1844c16056418a30f7508245f599a0497a0ae86b59f2fce5f35be463296,False,0,123
115,171,"task=ObjectNavType,house=13761,sub_house_id=171",13761,/net/nfs.cirrascale/prior/datasets/vida_datasets/object_nav_v3_benchmark/ObjectNavType/val/013761/raw_navigation_camera__0.mp4,f7a820f12d447c229708e587403f43e5aed85c1b55398f7fd2cb04977c07edcf,False,0,123
116,136,"task=ObjectNavType,house=14765,sub_house_id=136",14765,/net/nfs.cirrascale/prior/datasets/vida_datasets/object_nav_v3_benchmark/ObjectNavType/val/014765/raw_navigation_camera__0.mp4,ac535c92898f4e78a19e0bc1447a2fed789bb9550f734acea00a459643fc53e2,False,0,123
117,148,"task=ObjectNavType,house=13278,sub_house_id=148",13278,/net/nfs.cirrascale/prior/datasets/vida_datasets/object_nav_v3_benchmark/ObjectNavType/val/013278/raw_navigation_camera__0.mp4,87cff6609f2de83acbb0b5859a3eb7285e551dfd97235614e558d13c3a89d38f,False,0,123
118,106,"task=ObjectNavType,house=12698,sub_house_id=106",12698,/net/nfs.cirrascale/prior/datasets/vida_datasets/object_nav_v3_benchmark/ObjectNavType/val/012698/raw_navigation_camera__0.mp4,f649f254ab09c20ee2c5b00b0a6da94c9bec964d99d7f689a90dd668f8bfc571,False,0,123
119,167,"task=ObjectNavType,house=14496,sub_house_id=167",14496,/net/nfs.cirrascale/prior/datasets/vida_datasets/object_nav_v3_benchmark/ObjectNavType/val/014496/raw_navigation_camera__0.mp4,4020263e60ae971b5d2668516149e8e17da411225fff9f2054a769229183e22b,False,0,123
120,75,"task=ObjectNavType,house=11951,sub_house_id=75",11951,/net/nfs.cirrascale/prior/datasets/vida_datasets/object_nav_v3_benchmark/ObjectNavType/val/011951/raw_navigation_camera__0.mp4,fdae7084732da9b9fd384510a44232244050e56ea24a4693ccfc358d3c866787,False,0,123
121,24,"task=ObjectNavType,house=10248,sub_house_id=24",10248,/net/nfs.cirrascale/prior/datasets/vida_datasets/object_nav_v3_benchmark/ObjectNavType/val/010248/raw_navigation_camera__0.mp4,0e534f87607632ad37b8e1f4e008e5bdc84d983cf42b27797f21f34c02823e61,False,0,123
122,2,"task=ObjectNavType,house=714,sub_house_id=2",714,/net/nfs.cirrascale/prior/datasets/vida_datasets/object_nav_v3_benchmark/ObjectNavType/val/000714/raw_navigation_camera__0.mp4,cacc674fbe71721918e7a4192bb82e8b5f2f12d3513dc0356a5f715b2fd9fa7d,False,0,123
123,132,"task=ObjectNavType,house=13352,sub_house_id=132",13352,/net/nfs.cirrascale/prior/datasets/vida_datasets/object_nav_v3_benchmark/ObjectNavType/val/013352/raw_navigation_camera__0.mp4,d6949b248cdc6ac0096719dd2d4a804d248c21146b7fce3b6dd63d1f7cfd10a4,False,0,123
124,99,"task=ObjectNavType,house=13351,sub_house_id=99",13351,/net/nfs.cirrascale/prior/datasets/vida_datasets/object_nav_v3_benchmark/ObjectNavType/val/013351/raw_navigation_camera__0.mp4,6983512c1d3b29296064152419f360e252ef64a06c4031f666b2bf72a7a19802,False,0,123
125,73,"task=ObjectNavType,house=13393,sub_house_id=73",13393,/net/nfs.cirrascale/prior/datasets/vida_datasets/object_nav_v3_benchmark/ObjectNavType/val/013393/raw_navigation_camera__0.mp4,889263066abda2beadf57bca85e5cad9875158f3232dcd64b80a77656825ae83,False,0,123
126,49,"task=ObjectNavType,house=13727,sub_house_id=49",13727,/net/nfs.cirrascale/prior/datasets/vida_datasets/object_nav_v3_benchmark/ObjectNavType/val/013727/raw_navigation_camera__0.mp4,33dd81b01db4b09e0c43c58a8f65fe27bb9594f8259715653a119c376e9305fe,False,0,123
127,116,"task=ObjectNavType,house=13259,sub_house_id=116",13259,/net/nfs.cirrascale/prior/datasets/vida_datasets/object_nav_v3_benchmark/ObjectNavType/val/013259/raw_navigation_camera__0.mp4,428c38dd9d4b0480bf3c595b1b718a74f75ad64e8b7dc2430dcbea03eb51fb50,False,0,123
128,18,"task=ObjectNavType,house=9921,sub_house_id=18",9921,/net/nfs.cirrascale/prior/datasets/vida_datasets/object_nav_v3_benchmark/ObjectNavType/val/009921/raw_navigation_camera__0.mp4,892d940a0ac43278b9a4ea9453f79e148df5e661b7fcd1ba70c0bc3332a5e320,False,0,123
129,100,"task=ObjectNavType,house=12500,sub_house_id=100",12500,/net/nfs.cirrascale/prior/datasets/vida_datasets/object_nav_v3_benchmark/ObjectNavType/val/012500/raw_navigation_camera__0.mp4,dff6341dfa75c193af52b517c0944d5730e1bf0135b69b5c16fbf78afe464087,False,0,123
130,183,"task=ObjectNavType,house=14506,sub_house_id=183",14506,/net/nfs.cirrascale/prior/datasets/vida_datasets/object_nav_v3_benchmark/ObjectNavType/val/014506/raw_navigation_camera__0.mp4,5934e487a26d452233fd367ad9e558acc55d3c76d4a5c0cd26df7ac4f3add6df,False,0,123
131,181,"task=ObjectNavType,house=14426,sub_house_id=181",14426,/net/nfs.cirrascale/prior/datasets/vida_datasets/object_nav_v3_benchmark/ObjectNavType/val/014426/raw_navigation_camera__0.mp4,5115cd5eab2d81aea0a7ecd27a497f35cf6da6a7b76d4c9a8d91619f62e4055a,False,0,123
132,43,"task=ObjectNavType,house=11059,sub_house_id=43",11059,/net/nfs.cirrascale/prior/datasets/vida_datasets/object_nav_v3_benchmark/ObjectNavType/val/011059/raw_navigation_camera__0.mp4,416cb65a80696b17db20a3ce1dda6cf1a3ad589375a2fe8360227eddc5a1320f,False,0,123
133,158,"task=ObjectNavType,house=14070,sub_house_id=158",14070,/net/nfs.cirrascale/prior/datasets/vida_datasets/object_nav_v3_benchmark/ObjectNavType/val/014070/raw_navigation_camera__0.mp4,f87b2f4a8e18c2a0f23ad79b529e74d5d004e0a5e372994d18781487c9494263,False,0,123
134,142,"task=ObjectNavType,house=13757,sub_house_id=142",13757,/net/nfs.cirrascale/prior/datasets/vida_datasets/object_nav_v3_benchmark/ObjectNavType/val/013757/raw_navigation_camera__0.mp4,8f04a55518684290aea8ce82cd647cec3535a96175e3df7f1b73ac702a04a335,False,0,123
135,21,"task=ObjectNavType,house=13312,sub_house_id=21",13312,/net/nfs.cirrascale/prior/datasets/vida_datasets/object_nav_v3_benchmark/ObjectNavType/val/013312/raw_navigation_camera__0.mp4,60dc6817c3bcbad0d19bc8c251f8b90776bffb89b6856b600bde2bd496347b16,False,0,123
136,46,"task=ObjectNavType,house=13943,sub_house_id=46",13943,/net/nfs.cirrascale/prior/datasets/vida_datasets/object_nav_v3_benchmark/ObjectNavType/val/013943/raw_navigation_camera__0.mp4,700613312e4dbe60b1ff578a068b9b0cc8ab157cd2015ba1ee24480d525e7cb1,False,0,123
137,8,"task=ObjectNavType,house=4526,sub_house_id=8",4526,/net/nfs.cirrascale/prior/datasets/vida_datasets/object_nav_v3_benchmark/ObjectNavType/val/004526/raw_navigation_camera__0.mp4,12fd36cb08116e2330e056938dd324552671633ae1daed6ea52afd11cb7c403a,False,0,123
138,130,"task=ObjectNavType,house=14490,sub_house_id=130",14490,/net/nfs.cirrascale/prior/datasets/vida_datasets/object_nav_v3_benchmark/ObjectNavType/val/014490/raw_navigation_camera__0.mp4,a533af87e55d1ee7c644374b31cef9f2746a0975b2d1dd0bf8b0a0c3a290e5e8,False,0,123
139,95,"task=ObjectNavType,house=13175,sub_house_id=95",13175,/net/nfs.cirrascale/prior/datasets/vida_datasets/object_nav_v3_benchmark/ObjectNavType/val/013175/raw_navigation_camera__0.mp4,4862fe0222395dd26263fbd8866ff0da44a1f0caf1ce6a2e81c8f87c86bac92e,False,0,123
140,107,"task=ObjectNavType,house=12675,sub_house_id=107",12675,/net/nfs.cirrascale/prior/datasets/vida_datasets/object_nav_v3_benchmark/ObjectNavType/val/012675/raw_navigation_camera__0.mp4,5183a7ae75c5c1819ee319c5a687e1f32520ac7140d1823e1b97996c91bd536f,False,0,123
141,153,"task=ObjectNavType,house=14807,sub_house_id=153",14807,/net/nfs.cirrascale/prior/datasets/vida_datasets/object_nav_v3_benchmark/ObjectNavType/val/014807/raw_navigation_camera__0.mp4,fb3da165070b6a267b3a91ec29554f832f357a3b4697f70ed97020ba8beedd57,False,0,123
142,124,"task=ObjectNavType,house=14563,sub_house_id=124",14563,/net/nfs.cirrascale/prior/datasets/vida_datasets/object_nav_v3_benchmark/ObjectNavType/val/014563/raw_navigation_camera__0.mp4,0ea9b0b5a04d64234d95d61d6533d5fb1832e9470900deb84b32bc5627a56c1a,False,0,123
143,190,"task=ObjectNavType,house=14320,sub_house_id=190",14320,/net/nfs.cirrascale/prior/datasets/vida_datasets/object_nav_v3_benchmark/ObjectNavType/val/014320/raw_navigation_camera__0.mp4,53bec2ed479e6528f9b2de28b8743bcdb3912d6ceb77eff74f76e484093b7670,False,0,123
144,176,"task=ObjectNavType,house=14702,sub_house_id=176",14702,/net/nfs.cirrascale/prior/datasets/vida_datasets/object_nav_v3_benchmark/ObjectNavType/val/014702/raw_navigation_camera__0.mp4,2fc1b9346a06ca934aa8cb16aa9741fda2cdd85a7a186054ad4c684fe052bd2e,False,0,123
145,131,"task=ObjectNavType,house=14635,sub_house_id=131",14635,/net/nfs.cirrascale/prior/datasets/vida_datasets/object_nav_v3_benchmark/ObjectNavType/val/014635/raw_navigation_camera__0.mp4,b60dcdaf5bf0505655e7d1f15a3545b97928cb8b208d4607759fce21197ed37d,False,0,123
146,101,"task=ObjectNavType,house=13167,sub_house_id=101",13167,/net/nfs.cirrascale/prior/datasets/vida_datasets/object_nav_v3_benchmark/ObjectNavType/val/013167/raw_navigation_camera__0.mp4,3fa6209a5b59ccbacfcd4601f4ebbeced38a0c44a4e963d7759f6ce2dbcca657,False,0,123
147,3,"task=ObjectNavType,house=1730,sub_house_id=3",1730,/net/nfs.cirrascale/prior/datasets/vida_datasets/object_nav_v3_benchmark/ObjectNavType/val/001730/raw_navigation_camera__0.mp4,0beb359e48d80e0189c9b77d677d9459c9660dc581fcee4165756e9d01843fc4,False,0,123
148,170,"task=ObjectNavType,house=13641,sub_house_id=170",13641,/net/nfs.cirrascale/prior/datasets/vida_datasets/object_nav_v3_benchmark/ObjectNavType/val/013641/raw_navigation_camera__0.mp4,01d9cd026b0cc0bf89570810e6d1319791151f7c9e92fafdbd286238693428de,False,0,123
149,144,"task=ObjectNavType,house=13952,sub_house_id=144",13952,/net/nfs.cirrascale/prior/datasets/vida_datasets/object_nav_v3_benchmark/ObjectNavType/val/013952/raw_navigation_camera__0.mp4,55ca9b634ab2a997ef80f933503fe78ff126d42208f9b1da5437425e64f11ec9,False,0,123
150,134,"task=ObjectNavType,house=14916,sub_house_id=134",14916,/net/nfs.cirrascale/prior/datasets/vida_datasets/object_nav_v3_benchmark/ObjectNavType/val/014916/raw_navigation_camera__0.mp4,0aab9b756165f6a5a36156b036ba2b76307e4f3456785a9ddfaef8911f9b7053,False,0,123
151,52,"task=ObjectNavType,house=14604,sub_house_id=52",14604,/net/nfs.cirrascale/prior/datasets/vida_datasets/object_nav_v3_benchmark/ObjectNavType/val/014604/raw_navigation_camera__0.mp4,63ca08811165143bfd47af919b0453bae6aa17d44dd195d0cef734ad940f4b94,False,0,123
152,123,"task=ObjectNavType,house=13340,sub_house_id=123",13340,/net/nfs.cirrascale/prior/datasets/vida_datasets/object_nav_v3_benchmark/ObjectNavType/val/013340/raw_navigation_camera__0.mp4,bba6c229ba7b7fe06e696724241796fceb2be6c0d474a4dddfcb95e41a4fc530,False,0,123
153,133,"task=ObjectNavType,house=13447,sub_house_id=133",13447,/net/nfs.cirrascale/prior/datasets/vida_datasets/object_nav_v3_benchmark/ObjectNavType/val/013447/raw_navigation_camera__0.mp4,95759482ad9c7a820dd9c371a1c73821c20622eaf341ba0e6b06b8eaa875e756,False,0,123
154,187,"task=ObjectNavType,house=14263,sub_house_id=187",14263,/net/nfs.cirrascale/prior/datasets/vida_datasets/object_nav_v3_benchmark/ObjectNavType/val/014263/raw_navigation_camera__0.mp4,5045a03c5bf1d706b4ad23234cb1b89100fffda3fc113eec4db1cbcfc0bab360,False,0,123
155,78,"task=ObjectNavType,house=12207,sub_house_id=78",12207,/net/nfs.cirrascale/prior/datasets/vida_datasets/object_nav_v3_benchmark/ObjectNavType/val/012207/raw_navigation_camera__0.mp4,61e09fdec807e8697e2f606fe3605eb46beed2758ce85d81b72c27e1e21fdcda,False,0,123
156,192,"task=ObjectNavType,house=14544,sub_house_id=192",14544,/net/nfs.cirrascale/prior/datasets/vida_datasets/object_nav_v3_benchmark/ObjectNavType/val/014544/raw_navigation_camera__0.mp4,a47310e3ae7f18554c3da420b6dec19d9232b2a2cb0e78c7136657e9abfbffad,False,0,123
157,120,"task=ObjectNavType,house=13419,sub_house_id=120",13419,/net/nfs.cirrascale/prior/datasets/vida_datasets/object_nav_v3_benchmark/ObjectNavType/val/013419/raw_navigation_camera__0.mp4,17a25fbe39c5e25cde368c03e07ec2912e5c3e8e2b5933c043e74d86744db708,False,0,123
158,67,"task=ObjectNavType,house=12042,sub_house_id=67",12042,/net/nfs.cirrascale/prior/datasets/vida_datasets/object_nav_v3_benchmark/ObjectNavType/val/012042/raw_navigation_camera__0.mp4,c4746dac7268db5134e1f9cfe74a79f1f2093f39e2e1c2951c7601a6efc5ca4c,False,0,123
159,122,"task=ObjectNavType,house=13181,sub_house_id=122",13181,/net/nfs.cirrascale/prior/datasets/vida_datasets/object_nav_v3_benchmark/ObjectNavType/val/013181/raw_navigation_camera__0.mp4,63e54b5709343f2a4a33e63817b212559cdf9e02c8722536178e35ebc07d799e,False,0,123
160,146,"task=ObjectNavType,house=13931,sub_house_id=146",13931,/net/nfs.cirrascale/prior/datasets/vida_datasets/object_nav_v3_benchmark/ObjectNavType/val/013931/raw_navigation_camera__0.mp4,01e408fc017ad9c6fde538dba32e82df223007a0afc2aee22b3771aba11f04f9,False,0,123
161,110,"task=ObjectNavType,house=13458,sub_house_id=110",13458,/net/nfs.cirrascale/prior/datasets/vida_datasets/object_nav_v3_benchmark/ObjectNavType/val/013458/raw_navigation_camera__0.mp4,6eca65c2bc9c238448c22e54121fc7e3e89c98fe4751f4a7b3e069f061dd4fd0,False,0,123
162,74,"task=ObjectNavType,house=12238,sub_house_id=74",12238,/net/nfs.cirrascale/prior/datasets/vida_datasets/object_nav_v3_benchmark/ObjectNavType/val/012238/raw_navigation_camera__0.mp4,8a976d3660b034ffb673a4724489b276d47f245d6750bd6c63e8e29a62ec0b14,False,0,123
163,5,"task=ObjectNavType,house=2819,sub_house_id=5",2819,/net/nfs.cirrascale/prior/datasets/vida_datasets/object_nav_v3_benchmark/ObjectNavType/val/002819/raw_navigation_camera__0.mp4,afead84c485047b327045dcad9175551eac246491269fbdad9505d5751b0d38d,False,0,123
164,32,"task=ObjectNavType,house=11933,sub_house_id=32",11933,/net/nfs.cirrascale/prior/datasets/vida_datasets/object_nav_v3_benchmark/ObjectNavType/val/011933/raw_navigation_camera__0.mp4,3b2401902608315b956ed6f7095bf99636c03bf459c864e8c9ebf98a2f2d8a22,False,0,123
165,36,"task=ObjectNavType,house=12050,sub_house_id=36",12050,/net/nfs.cirrascale/prior/datasets/vida_datasets/object_nav_v3_benchmark/ObjectNavType/val/012050/raw_navigation_camera__0.mp4,00e918bfd3aebeb453ca8ad873d77e7a0f506c2b6e8998c4be454f5b928b6edc,False,0,123
166,23,"task=ObjectNavType,house=13166,sub_house_id=23",13166,/net/nfs.cirrascale/prior/datasets/vida_datasets/object_nav_v3_benchmark/ObjectNavType/val/013166/raw_navigation_camera__0.mp4,bfe4aeb941f8c1fbac4bcca84be6a9662e1cce392f18b2a399da439b2b6ff1de,False,0,123
167,11,"task=ObjectNavType,house=5093,sub_house_id=11",5093,/net/nfs.cirrascale/prior/datasets/vida_datasets/object_nav_v3_benchmark/ObjectNavType/val/005093/raw_navigation_camera__0.mp4,bacbb4e6a129eb0e3fa80fb9026a8fe7fb854c273a1b020592388586e426a411,False,0,123
168,26,"task=ObjectNavType,house=11097,sub_house_id=26",11097,/net/nfs.cirrascale/prior/datasets/vida_datasets/object_nav_v3_benchmark/ObjectNavType/val/011097/raw_navigation_camera__0.mp4,4b5d333036c32225f701c41937bcaeca8e7436687c96f325747b84d7b7e410eb,False,0,123
169,114,"task=ObjectNavType,house=13137,sub_house_id=114",13137,/net/nfs.cirrascale/prior/datasets/vida_datasets/object_nav_v3_benchmark/ObjectNavType/val/013137/raw_navigation_camera__0.mp4,f972426f503fd50da891e22bb58f45649b4918de8afa5bcbab01625efd6eab4d,False,0,123
170,80,"task=ObjectNavType,house=12692,sub_house_id=80",12692,/net/nfs.cirrascale/prior/datasets/vida_datasets/object_nav_v3_benchmark/ObjectNavType/val/012692/raw_navigation_camera__0.mp4,5b37d987600cb6af5000a9cde73dfe8aab31081bf19ddf2f94e22b304314b603,False,0,123
171,1,"task=ObjectNavType,house=1095,sub_house_id=1",1095,/net/nfs.cirrascale/prior/datasets/vida_datasets/object_nav_v3_benchmark/ObjectNavType/val/001095/raw_navigation_camera__0.mp4,300b26d1ecd46c5d0eca3305ff80139fe0282afb02e3e7644160ead68bba416f,False,0,123
172,17,"task=ObjectNavType,house=8828,sub_house_id=17",8828,/net/nfs.cirrascale/prior/datasets/vida_datasets/object_nav_v3_benchmark/ObjectNavType/val/008828/raw_navigation_camera__0.mp4,c2a723113cfd15100803f3c581b52e3fb58e8a677edfcb6b030a0ea0295f2885,False,0,123
173,96,"task=ObjectNavType,house=14561,sub_house_id=96",14561,/net/nfs.cirrascale/prior/datasets/vida_datasets/object_nav_v3_benchmark/ObjectNavType/val/014561/raw_navigation_camera__0.mp4,5add5fc97bd1c5606c13e9cd599d32a026dc05f4b96147e6f9c779fa1c150f7e,False,0,123
174,152,"task=ObjectNavType,house=14891,sub_house_id=152",14891,/net/nfs.cirrascale/prior/datasets/vida_datasets/object_nav_v3_benchmark/ObjectNavType/val/014891/raw_navigation_camera__0.mp4,631c7fa906271ada4bc1be2f09287e27c3366b3a5cd10e992ebc43a1120b760c,False,0,123
175,197,"task=ObjectNavType,house=14788,sub_house_id=197",14788,/net/nfs.cirrascale/prior/datasets/vida_datasets/object_nav_v3_benchmark/ObjectNavType/val/014788/raw_navigation_camera__0.mp4,14ef0cff3cb988d9dc7a929ecce2cbfe5a4721a9f54b19e8fe9b81c0ccb98157,False,0,123
176,111,"task=ObjectNavType,house=13337,sub_house_id=111",13337,/net/nfs.cirrascale/prior/datasets/vida_datasets/object_nav_v3_benchmark/ObjectNavType/val/013337/raw_navigation_camera__0.mp4,f1da48c0e33003c4c95c64a31613c823df86d4419fef6972a3710b2e665bc37e,False,0,123
177,0,"task=ObjectNavType,house=420,sub_house_id=0",420,/net/nfs.cirrascale/prior/datasets/vida_datasets/object_nav_v3_benchmark/ObjectNavType/val/000420/raw_navigation_camera__0.mp4,e76e02f8257ee37611638f7a3b061da3ff0ffb66d1282cc17c4f94f611f96c1c,False,0,123
178,41,"task=ObjectNavType,house=11033,sub_house_id=41",11033,/net/nfs.cirrascale/prior/datasets/vida_datasets/object_nav_v3_benchmark/ObjectNavType/val/011033/raw_navigation_camera__0.mp4,34f04cfe219f568797aaea1284d738cbe413d8f744ebcb923459fbe1a27e3487,False,0,123
179,62,"task=ObjectNavType,house=13422,sub_house_id=62",13422,/net/nfs.cirrascale/prior/datasets/vida_datasets/object_nav_v3_benchmark/ObjectNavType/val/013422/raw_navigation_camera__0.mp4,de2f689d2d974a963e4cfa38d185d248221775c1d8c003b07e34c165f0dbb83d,False,0,123
180,179,"task=ObjectNavType,house=14537,sub_house_id=179",14537,/net/nfs.cirrascale/prior/datasets/vida_datasets/object_nav_v3_benchmark/ObjectNavType/val/014537/raw_navigation_camera__0.mp4,3d80a76ac2e4429a676ce38a333656bf7175581949c4e88c89183423c17d3224,False,0,123
181,188,"task=ObjectNavType,house=14326,sub_house_id=188",14326,/net/nfs.cirrascale/prior/datasets/vida_datasets/object_nav_v3_benchmark/ObjectNavType/val/014326/raw_navigation_camera__0.mp4,953567b8a72635df806e0bb5cca02248cc8714264c4e13a0a3f1a3fad8ebcbe3,False,0,123
182,189,"task=ObjectNavType,house=14975,sub_house_id=189",14975,/net/nfs.cirrascale/prior/datasets/vida_datasets/object_nav_v3_benchmark/ObjectNavType/val/014975/raw_navigation_camera__0.mp4,ece9b76813efc8bab11180bdade8746aa82c83167b3c98d2cbc6b77772ab1468,False,0,123
183,86,"task=ObjectNavType,house=13859,sub_house_id=86",13859,/net/nfs.cirrascale/prior/datasets/vida_datasets/object_nav_v3_benchmark/ObjectNavType/val/013859/raw_navigation_camera__0.mp4,d6f8be9528a04765ff852a220500ab9db23303eb6f8e4afb7d3b27b8cc81561a,False,0,123
184,34,"task=ObjectNavType,house=11599,sub_house_id=34",11599,/net/nfs.cirrascale/prior/datasets/vida_datasets/object_nav_v3_benchmark/ObjectNavType/val/011599/raw_navigation_camera__0.mp4,cba62564c0c3a8120c8eb0d1ceb7c310924442f85453520c2706af2117c49d6c,False,0,123
185,40,"task=ObjectNavType,house=12080,sub_house_id=40",12080,/net/nfs.cirrascale/prior/datasets/vida_datasets/object_nav_v3_benchmark/ObjectNavType/val/012080/raw_navigation_camera__0.mp4,fbe51686f2cb991fd106e47986b0d2597a1b847c331388f1bc7498207761c455,False,0,123
186,199,"task=ObjectNavType,house=14895,sub_house_id=199",14895,/net/nfs.cirrascale/prior/datasets/vida_datasets/object_nav_v3_benchmark/ObjectNavType/val/014895/raw_navigation_camera__0.mp4,b25241cb0e6219af336c1bdee77f4de04b6523dcc905380872b2e2aecc69c41c,False,0,123
187,87,"task=ObjectNavType,house=13623,sub_house_id=87",13623,/net/nfs.cirrascale/prior/datasets/vida_datasets/object_nav_v3_benchmark/ObjectNavType/val/013623/raw_navigation_camera__0.mp4,44f0d49cdf7d69affb8e05b8acdc9c6a761877db7637787968a63d30a1d5752e,False,0,123
188,85,"task=ObjectNavType,house=12045,sub_house_id=85",12045,/net/nfs.cirrascale/prior/datasets/vida_datasets/object_nav_v3_benchmark/ObjectNavType/val/012045/raw_navigation_camera__0.mp4,9e2014368a20bfcc04471200dab41469463a537592579336bef5b28fdb35f6e6,False,0,123
189,143,"task=ObjectNavType,house=13018,sub_house_id=143",13018,/net/nfs.cirrascale/prior/datasets/vida_datasets/object_nav_v3_benchmark/ObjectNavType/val/013018/raw_navigation_camera__0.mp4,a00e595250be853cf748e64c28eeb95536c84c531b0405fae1f960dafafebacb,False,0,123
190,137,"task=ObjectNavType,house=13812,sub_house_id=137",13812,/net/nfs.cirrascale/prior/datasets/vida_datasets/object_nav_v3_benchmark/ObjectNavType/val/013812/raw_navigation_camera__0.mp4,dfac6f6bcad1a0b3b37d1629e0426ec1c795e17d7f08f9c735611835f99c5f2f,False,0,123
191,97,"task=ObjectNavType,house=14299,sub_house_id=97",14299,/net/nfs.cirrascale/prior/datasets/vida_datasets/object_nav_v3_benchmark/ObjectNavType/val/014299/raw_navigation_camera__0.mp4,bebdbc102c0039cbc0a71bfaf9eb06ab4f74481fa03da0b6e07a219f9f1b205a,False,0,123
192,9,"task=ObjectNavType,house=4110,sub_house_id=9",4110,/net/nfs.cirrascale/prior/datasets/vida_datasets/object_nav_v3_benchmark/ObjectNavType/val/004110/raw_navigation_camera__0.mp4,0ecb7ff024b15ed857edb321bf07cbd9798133a7f8e15d6939eae03fafce6388,False,0,123
193,27,"task=ObjectNavType,house=10846,sub_house_id=27",10846,/net/nfs.cirrascale/prior/datasets/vida_datasets/object_nav_v3_benchmark/ObjectNavType/val/010846/raw_navigation_camera__0.mp4,4fb5115e18e9d85a56d644d7a3d1227aec122f72e4d26749a8756eac59a35ea1,False,0,123
194,198,"task=ObjectNavType,house=14915,sub_house_id=198",14915,/net/nfs.cirrascale/prior/datasets/vida_datasets/object_nav_v3_benchmark/ObjectNavType/val/014915/raw_navigation_camera__0.mp4,808ff58006c990b9251f64e6abfe4af9c981eec531b071aa2196342228805639,False,0,123
195,104,"task=ObjectNavType,house=14314,sub_house_id=104",14314,/net/nfs.cirrascale/prior/datasets/vida_datasets/object_nav_v3_benchmark/ObjectNavType/val/014314/raw_navigation_camera__0.mp4,4852f51c605b5fd122504a95168f710b322b7aa9b2166e70db5173ae04d026a4,False,0,123
196,196,"task=ObjectNavType,house=14568,sub_house_id=196",14568,/net/nfs.cirrascale/prior/datasets/vida_datasets/object_nav_v3_benchmark/ObjectNavType/val/014568/raw_navigation_camera__0.mp4,3d6b333ae5f4b8dd537b8d2d9a3bd34ea4b2ad9a6f7f738f52f4064fa1a4755f,False,0,123
197,22,"task=ObjectNavType,house=10822,sub_house_id=22",10822,/net/nfs.cirrascale/prior/datasets/vida_datasets/object_nav_v3_benchmark/ObjectNavType/val/010822/raw_navigation_camera__0.mp4,a87742f676800873d2ed414c7e5f20a1fac524b74e6d8e4ad3b98786ce381e36,False,0,123
198,68,"task=ObjectNavType,house=12479,sub_house_id=68",12479,/net/nfs.cirrascale/prior/datasets/vida_datasets/object_nav_v3_benchmark/ObjectNavType/val/012479/raw_navigation_camera__0.mp4,627149818f7869c2fe1936d651ed3c43ac1ef2ffea33aaad27971b013e77fb65,False,0,123
199,13,"task=ObjectNavType,house=8224,sub_house_id=13",8224,/net/nfs.cirrascale/prior/datasets/vida_datasets/object_nav_v3_benchmark/ObjectNavType/val/008224/raw_navigation_camera__0.mp4,bfb9c3642623980f69fb21f1e14ed5b294fdfd5992594cc71524664b5a3877f7,False,0,123
