task_key,target_id,synset,asset_id,source_id_form,static_candidate,full_status
ObjectNavType/val/000420/raw_navigation_camera__0.mp4,ObjaMilkshake|6|0,mug.n.04,4037a5122c294a19bee0e62042ee77fe,hex32_asset_id,True,VALID_CREATION_STATE_AABB
ObjectNavType/val/000420/raw_navigation_camera__0.mp4,ObjaMug|2|33,mug.n.04,cda66fff0dc142539371a293ea4dabf3,hex32_asset_id,True,VALID_CREATION_STATE_AABB
ObjectNavType/val/000714/raw_navigation_camera__0.mp4,ObjaMilkshake|6|1,mug.n.04,4037a5122c294a19bee0e62042ee77fe,hex32_asset_id,True,VALID_CREATION_STATE_AABB
ObjectNavType/val/001095/raw_navigation_camera__0.mp4,ObjaBasketball|2|0,basketball.n.02,563a01e3d4d84e078eca33ec7c2d1479,hex32_asset_id,True,VALID_CREATION_STATE_AABB
ObjectNavType/val/001730/raw_navigation_camera__0.mp4,ObjaMilkshake|7|64,mug.n.04,4037a5122c294a19bee0e62042ee77fe,hex32_asset_id,True,VALID_CREATION_STATE_AABB
ObjectNavType/val/001852/raw_navigation_camera__0.mp4,ObjaMug|4|0,mug.n.04,1bdbfaa744f8458c99593de70f364dfb,hex32_asset_id,True,VALID_CREATION_STATE_AABB
ObjectNavType/val/002819/raw_navigation_camera__0.mp4,ObjaBasketball|6|50,basketball.n.02,563a01e3d4d84e078eca33ec7c2d1479,hex32_asset_id,True,VALID_CREATION_STATE_AABB
ObjectNavType/val/002986/raw_navigation_camera__0.mp4,ObjaMug|2|1,mug.n.04,89ee37afe6934fd9b8f8664d8bb1669d,hex32_asset_id,True,VALID_CREATION_STATE_AABB
ObjectNavType/val/004110/raw_navigation_camera__0.mp4,BasketBall|4|1,basketball.n.02,Basketball_1,other_asset_id,False,VALID_CREATION_STATE_AABB
ObjectNavType/val/004495/raw_navigation_camera__0.mp4,ObjaMilkshake|6|1,mug.n.04,4037a5122c294a19bee0e62042ee77fe,hex32_asset_id,True,VALID_CREATION_STATE_AABB
ObjectNavType/val/004526/raw_navigation_camera__0.mp4,ObjaMug|6|2,mug.n.04,460b558df54946a5b38c9c45c2f06754,hex32_asset_id,True,VALID_CREATION_STATE_AABB
ObjectNavType/val/005093/raw_navigation_camera__0.mp4,ObjaMug|2|1,mug.n.04,1f082fd765304bc9bd73a892eeac65e8,hex32_asset_id,True,VALID_CREATION_STATE_AABB
ObjectNavType/val/006954/raw_navigation_camera__0.mp4,ObjaMilkshake|6|16,mug.n.04,4037a5122c294a19bee0e62042ee77fe,hex32_asset_id,True,VALID_CREATION_STATE_AABB
ObjectNavType/val/008027/raw_navigation_camera__0.mp4,ObjaBasketball|2|3,basketball.n.02,563a01e3d4d84e078eca33ec7c2d1479,hex32_asset_id,True,VALID_CREATION_STATE_AABB
ObjectNavType/val/008224/raw_navigation_camera__0.mp4,ObjaBasketball|4|0,basketball.n.02,563a01e3d4d84e078eca33ec7c2d1479,hex32_asset_id,True,VALID_CREATION_STATE_AABB
ObjectNavType/val/008786/raw_navigation_camera__0.mp4,ObjaBasketball|6|17,basketball.n.02,4d92ac7449634342935c26d8d3c8b39c,hex32_asset_id,True,VALID_CREATION_STATE_AABB
ObjectNavType/val/008828/raw_navigation_camera__0.mp4,ObjaMug|6|17,mug.n.04,c324ddbc2dec43288993f7241a0f63d4,hex32_asset_id,True,VALID_CREATION_STATE_AABB
ObjectNavType/val/009839/raw_navigation_camera__0.mp4,ObjaMug|6|4,mug.n.04,849b4573e03a40b8b073a2209d1bc1d3,hex32_asset_id,True,VALID_CREATION_STATE_AABB
ObjectNavType/val/009921/raw_navigation_camera__0.mp4,ObjaBasketball|4|4,basketball.n.02,563a01e3d4d84e078eca33ec7c2d1479,hex32_asset_id,True,VALID_CREATION_STATE_AABB
ObjectNavType/val/010248/raw_navigation_camera__0.mp4,Vase|4|42,vase.n.01,Vase_Medium_5,other_asset_id,False,VALID_CREATION_STATE_AABB
ObjectNavType/val/010248/raw_navigation_camera__0.mp4,Vase|6|67,vase.n.01,Vase_Medium_5,other_asset_id,False,VALID_CREATION_STATE_AABB
ObjectNavType/val/010248/raw_navigation_camera__0.mp4,Vase|7|87,vase.n.01,Vase_Medium_5,other_asset_id,False,VALID_CREATION_STATE_AABB
ObjectNavType/val/010248/raw_navigation_camera__0.mp4,Vase|8|98,vase.n.01,Vase_Medium_5,other_asset_id,False,VALID_CREATION_STATE_AABB
ObjectNavType/val/010822/raw_navigation_camera__0.mp4,Vase|2|45,vase.n.01,Vase_Decorative_1,other_asset_id,False,VALID_CREATION_STATE_AABB
ObjectNavType/val/010822/raw_navigation_camera__0.mp4,Vase|6|20,vase.n.01,Vase_Tall_4,other_asset_id,False,VALID_CREATION_STATE_AABB
ObjectNavType/val/010822/raw_navigation_camera__0.mp4,Vase|7|30,vase.n.01,Vase_Medium_5,other_asset_id,False,VALID_CREATION_STATE_AABB
ObjectNavType/val/010846/raw_navigation_camera__0.mp4,SprayBottle|3|17,atomizer.n.01,Spray_Bottle_2,other_asset_id,False,NOT_ATTEMPTED_AFTER_STOP
ObjectNavType/val/010940/raw_navigation_camera__0.mp4,ObjaBasketball|6|45,basketball.n.02,4d92ac7449634342935c26d8d3c8b39c,hex32_asset_id,True,NOT_ATTEMPTED_AFTER_STOP
ObjectNavType/val/010940/raw_navigation_camera__0.mp4,ObjaBasketball|8|65,basketball.n.02,d18692ce01d74c368ab953812e3b80d0,hex32_asset_id,True,NOT_ATTEMPTED_AFTER_STOP
ObjectNavType/val/011033/raw_navigation_camera__0.mp4,ObjaVase|8|41,vase.n.01,284502adc20c45de8f115e2b5085515a,hex32_asset_id,True,NOT_ATTEMPTED_AFTER_STOP
ObjectNavType/val/011033/raw_navigation_camera__0.mp4,Vase|6|32,vase.n.01,Vase_Decorative_1,other_asset_id,False,NOT_ATTEMPTED_AFTER_STOP
ObjectNavType/val/011033/raw_navigation_camera__0.mp4,Vase|9|61,vase.n.01,Vase_Medium_5,other_asset_id,False,NOT_ATTEMPTED_AFTER_STOP
ObjectNavType/val/011059/raw_navigation_camera__0.mp4,Sofa|7|1,sofa.n.01,Sofa_207_1,other_asset_id,False,NOT_ATTEMPTED_AFTER_STOP
ObjectNavType/val/011097/raw_navigation_camera__0.mp4,Vase|2|38,vase.n.01,Vase_Medium_5,other_asset_id,False,NOT_ATTEMPTED_AFTER_STOP
ObjectNavType/val/011131/raw_navigation_camera__0.mp4,SprayBottle|3|15,atomizer.n.01,Spray_Bottle_6,other_asset_id,False,NOT_ATTEMPTED_AFTER_STOP
ObjectNavType/val/011157/raw_navigation_camera__0.mp4,chair-diningtable-2|4|1|1,straight_chair.n.01,Chair_311_1,other_asset_id,False,NOT_ATTEMPTED_AFTER_STOP
ObjectNavType/val/011157/raw_navigation_camera__0.mp4,chair-diningtable-2|4|1|2,straight_chair.n.01,Chair_311_1,other_asset_id,False,NOT_ATTEMPTED_AFTER_STOP
ObjectNavType/val/011157/raw_navigation_camera__0.mp4,chair-diningtable-4|5|2|1,straight_chair.n.01,RoboTHOR_office_chair_volmar,other_asset_id,False,NOT_ATTEMPTED_AFTER_STOP
ObjectNavType/val/011157/raw_navigation_camera__0.mp4,chair-diningtable-4|5|2|2,straight_chair.n.01,RoboTHOR_office_chair_volmar,other_asset_id,False,NOT_ATTEMPTED_AFTER_STOP
ObjectNavType/val/011157/raw_navigation_camera__0.mp4,chair-diningtable-4|5|2|3,straight_chair.n.01,RoboTHOR_office_chair_volmar,other_asset_id,False,NOT_ATTEMPTED_AFTER_STOP
ObjectNavType/val/011157/raw_navigation_camera__0.mp4,chair-diningtable-4|5|2|4,straight_chair.n.01,RoboTHOR_office_chair_volmar,other_asset_id,False,NOT_ATTEMPTED_AFTER_STOP
ObjectNavType/val/011157/raw_navigation_camera__0.mp4,chair-diningtable|2|2|1,straight_chair.n.01,RoboTHOR_chair_mella,other_asset_id,False,NOT_ATTEMPTED_AFTER_STOP
ObjectNavType/val/011157/raw_navigation_camera__0.mp4,desk-with-chair|6|2|1,straight_chair.n.01,Chair_303_1,other_asset_id,False,NOT_ATTEMPTED_AFTER_STOP
ObjectNavType/val/011295/raw_navigation_camera__0.mp4,Sofa|7|0,sofa.n.01,Sofa_207_3,other_asset_id,False,NOT_ATTEMPTED_AFTER_STOP
ObjectNavType/val/011321/raw_navigation_camera__0.mp4,Apple|2|24,apple.n.01,Apple_23,other_asset_id,False,NOT_ATTEMPTED_AFTER_STOP
ObjectNavType/val/011535/raw_navigation_camera__0.mp4,SprayBottle|5|18,atomizer.n.01,Spray_Bottle_7,other_asset_id,False,NOT_ATTEMPTED_AFTER_STOP
ObjectNavType/val/011535/raw_navigation_camera__0.mp4,SprayBottle|8|44,atomizer.n.01,Spray_Bottle_2,other_asset_id,False,NOT_ATTEMPTED_AFTER_STOP
ObjectNavType/val/011549/raw_navigation_camera__0.mp4,ObjaTrashCan|5|2,ashcan.n.01,11f2f821f1e1417bbc01ee01d67fae6c,hex32_asset_id,True,NOT_ATTEMPTED_AFTER_STOP
ObjectNavType/val/011599/raw_navigation_camera__0.mp4,chair-diningtable-2|6|1|1,straight_chair.n.01,Chair_313_1,other_asset_id,False,NOT_ATTEMPTED_AFTER_STOP
ObjectNavType/val/011599/raw_navigation_camera__0.mp4,chair-diningtable-2|6|1|2,straight_chair.n.01,Chair_313_1,other_asset_id,False,NOT_ATTEMPTED_AFTER_STOP
ObjectNavType/val/011599/raw_navigation_camera__0.mp4,chair-diningtable|4|4|1,straight_chair.n.01,Chair_204_2,other_asset_id,False,NOT_ATTEMPTED_AFTER_STOP
ObjectNavType/val/011633/raw_navigation_camera__0.mp4,SprayBottle|2|13,atomizer.n.01,Spray_Bottle_2,other_asset_id,False,NOT_ATTEMPTED_AFTER_STOP
ObjectNavType/val/011633/raw_navigation_camera__0.mp4,SprayBottle|5|37,atomizer.n.01,Spray_Bottle_7,other_asset_id,False,NOT_ATTEMPTED_AFTER_STOP
ObjectNavType/val/011819/raw_navigation_camera__0.mp4,Toilet|5|1,toilet.n.02,Toilet_2,other_asset_id,False,NOT_ATTEMPTED_AFTER_STOP
ObjectNavType/val/011865/raw_navigation_camera__0.mp4,Vase|4|9,vase.n.01,Vase_Medium_5,other_asset_id,False,NOT_ATTEMPTED_AFTER_STOP
ObjectNavType/val/011865/raw_navigation_camera__0.mp4,Vase|8|56,vase.n.01,Vase_Medium_5,other_asset_id,False,NOT_ATTEMPTED_AFTER_STOP
ObjectNavType/val/011881/raw_navigation_camera__0.mp4,Apple|2|8,apple.n.01,Apple_6,other_asset_id,False,NOT_ATTEMPTED_AFTER_STOP
ObjectNavType/val/011933/raw_navigation_camera__0.mp4,Apple|8|59,apple.n.01,Apple_5,other_asset_id,False,NOT_ATTEMPTED_AFTER_STOP
ObjectNavType/val/011951/raw_navigation_camera__0.mp4,Bed|6|0,bed.n.01,Bed_24,other_asset_id,False,NOT_ATTEMPTED_AFTER_STOP
ObjectNavType/val/011951/raw_navigation_camera__0.mp4,Bed|8|0,bed.n.01,RoboTHOR_bed_meldal,other_asset_id,False,NOT_ATTEMPTED_AFTER_STOP
ObjectNavType/val/011951/raw_navigation_camera__0.mp4,single-pillow|7|1|0,bed.n.01,Bed_3,other_asset_id,False,NOT_ATTEMPTED_AFTER_STOP
ObjectNavType/val/012036/raw_navigation_camera__0.mp4,Sofa|3|2,sofa.n.01,Sofa_207_3,other_asset_id,False,NOT_ATTEMPTED_AFTER_STOP
ObjectNavType/val/012036/raw_navigation_camera__0.mp4,Sofa|4|1,sofa.n.01,Sofa_216_4,other_asset_id,False,NOT_ATTEMPTED_AFTER_STOP
ObjectNavType/val/012042/raw_navigation_camera__0.mp4,Laptop|6|28,laptop.n.01,Laptop_5,other_asset_id,False,NOT_ATTEMPTED_AFTER_STOP
ObjectNavType/val/012045/raw_navigation_camera__0.mp4,2|3,television_receiver.n.01,Television_25,other_asset_id,False,NOT_ATTEMPTED_AFTER_STOP
ObjectNavType/val/012045/raw_navigation_camera__0.mp4,7|2,television_receiver.n.01,Television_25,other_asset_id,False,NOT_ATTEMPTED_AFTER_STOP
ObjectNavType/val/012050/raw_navigation_camera__0.mp4,Apple|2|8,apple.n.01,Apple_23,other_asset_id,False,NOT_ATTEMPTED_AFTER_STOP
ObjectNavType/val/012080/raw_navigation_camera__0.mp4,GarbageCan|5|5,ashcan.n.01,bin_24,other_asset_id,False,NOT_ATTEMPTED_AFTER_STOP
ObjectNavType/val/012080/raw_navigation_camera__0.mp4,ObjaTrashCan|5|3,ashcan.n.01,2861ed55647249d0a3d571b43d5ce9a1,hex32_asset_id,True,NOT_ATTEMPTED_AFTER_STOP
ObjectNavType/val/012207/raw_navigation_camera__0.mp4,Vase|6|20,vase.n.01,Vase_Medium_5,other_asset_id,False,NOT_ATTEMPTED_AFTER_STOP
ObjectNavType/val/012231/raw_navigation_camera__0.mp4,Bowl|4|15,bowl.n.03,Bowl_24,other_asset_id,False,NOT_ATTEMPTED_AFTER_STOP
ObjectNavType/val/012231/raw_navigation_camera__0.mp4,Bowl|6|30,bowl.n.03,Bowl_23,other_asset_id,False,NOT_ATTEMPTED_AFTER_STOP
ObjectNavType/val/012238/raw_navigation_camera__0.mp4,chair-diningtable-3|4|1|1,straight_chair.n.01,Chair_307_2,other_asset_id,False,NOT_ATTEMPTED_AFTER_STOP
ObjectNavType/val/012238/raw_navigation_camera__0.mp4,chair-diningtable-3|4|1|2,straight_chair.n.01,Chair_307_2,other_asset_id,False,NOT_ATTEMPTED_AFTER_STOP
ObjectNavType/val/012238/raw_navigation_camera__0.mp4,chair-diningtable-3|4|1|3,straight_chair.n.01,Chair_307_2,other_asset_id,False,NOT_ATTEMPTED_AFTER_STOP
ObjectNavType/val/012238/raw_navigation_camera__0.mp4,chair-diningtable-3|7|2|1,straight_chair.n.01,RoboTHOR_office_chair_volmar,other_asset_id,False,NOT_ATTEMPTED_AFTER_STOP
ObjectNavType/val/012238/raw_navigation_camera__0.mp4,chair-diningtable-3|7|2|2,straight_chair.n.01,RoboTHOR_office_chair_volmar,other_asset_id,False,NOT_ATTEMPTED_AFTER_STOP
ObjectNavType/val/012238/raw_navigation_camera__0.mp4,chair-diningtable-3|7|2|3,straight_chair.n.01,RoboTHOR_office_chair_volmar,other_asset_id,False,NOT_ATTEMPTED_AFTER_STOP
ObjectNavType/val/012238/raw_navigation_camera__0.mp4,chair-diningtable-5|2|5|1,straight_chair.n.01,Chair_203_1,other_asset_id,False,NOT_ATTEMPTED_AFTER_STOP
ObjectNavType/val/012238/raw_navigation_camera__0.mp4,chair-diningtable-5|2|5|2,straight_chair.n.01,Chair_203_1,other_asset_id,False,NOT_ATTEMPTED_AFTER_STOP
ObjectNavType/val/012238/raw_navigation_camera__0.mp4,chair-diningtable-5|2|5|3,straight_chair.n.01,Chair_203_1,other_asset_id,False,NOT_ATTEMPTED_AFTER_STOP
ObjectNavType/val/012238/raw_navigation_camera__0.mp4,chair-diningtable-5|2|5|4,straight_chair.n.01,Chair_203_1,other_asset_id,False,NOT_ATTEMPTED_AFTER_STOP
ObjectNavType/val/012238/raw_navigation_camera__0.mp4,chair-diningtable-5|8|2|1,straight_chair.n.01,Chair_205_5,other_asset_id,False,NOT_ATTEMPTED_AFTER_STOP
ObjectNavType/val/012238/raw_navigation_camera__0.mp4,chair-diningtable-5|8|2|2,straight_chair.n.01,Chair_205_5,other_asset_id,False,NOT_ATTEMPTED_AFTER_STOP
ObjectNavType/val/012238/raw_navigation_camera__0.mp4,chair-diningtable-5|8|2|3,straight_chair.n.01,Chair_205_5,other_asset_id,False,NOT_ATTEMPTED_AFTER_STOP
ObjectNavType/val/012238/raw_navigation_camera__0.mp4,chair-diningtable-5|8|2|4,straight_chair.n.01,Chair_205_5,other_asset_id,False,NOT_ATTEMPTED_AFTER_STOP
ObjectNavType/val/012238/raw_navigation_camera__0.mp4,chair-diningtable|6|3|1,straight_chair.n.01,RoboTHOR_chair_mella,other_asset_id,False,NOT_ATTEMPTED_AFTER_STOP
ObjectNavType/val/012245/raw_navigation_camera__0.mp4,chair-diningtable|2|2|1,straight_chair.n.01,RoboTHOR_chair_jokkmokk_v,other_asset_id,False,NOT_ATTEMPTED_AFTER_STOP
ObjectNavType/val/012266/raw_navigation_camera__0.mp4,SprayBottle|6|8,atomizer.n.01,Spray_Bottle_7,other_asset_id,False,NOT_ATTEMPTED_AFTER_STOP
ObjectNavType/val/012273/raw_navigation_camera__0.mp4,Sofa|7|0,sofa.n.01,Sofa_214_1,other_asset_id,False,NOT_ATTEMPTED_AFTER_STOP
ObjectNavType/val/012350/raw_navigation_camera__0.mp4,Laptop|4|11,laptop.n.01,Laptop_24,other_asset_id,False,NOT_ATTEMPTED_AFTER_STOP
ObjectNavType/val/012350/raw_navigation_camera__0.mp4,Laptop|9|62,laptop.n.01,Laptop_20,other_asset_id,False,NOT_ATTEMPTED_AFTER_STOP
ObjectNavType/val/012370/raw_navigation_camera__0.mp4,Laptop|4|9,laptop.n.01,Laptop_2,other_asset_id,False,NOT_ATTEMPTED_AFTER_STOP
ObjectNavType/val/012370/raw_navigation_camera__0.mp4,Laptop|6|32,laptop.n.01,Laptop_21,other_asset_id,False,NOT_ATTEMPTED_AFTER_STOP
ObjectNavType/val/012375/raw_navigation_camera__0.mp4,Bowl|2|9,bowl.n.03,Bowl_25,other_asset_id,False,NOT_ATTEMPTED_AFTER_STOP
ObjectNavType/val/012445/raw_navigation_camera__0.mp4,Laptop|6|27,laptop.n.01,Laptop_8,other_asset_id,False,NOT_ATTEMPTED_AFTER_STOP
ObjectNavType/val/012454/raw_navigation_camera__0.mp4,Laptop|2|22,laptop.n.01,Laptop_24,other_asset_id,False,NOT_ATTEMPTED_AFTER_STOP
ObjectNavType/val/012454/raw_navigation_camera__0.mp4,Laptop|7|13,laptop.n.01,Laptop_15,other_asset_id,False,NOT_ATTEMPTED_AFTER_STOP
ObjectNavType/val/012479/raw_navigation_camera__0.mp4,SprayBottle|2|14,atomizer.n.01,Spray_Bottle_7,other_asset_id,False,NOT_ATTEMPTED_AFTER_STOP
ObjectNavType/val/012500/raw_navigation_camera__0.mp4,television-sofa|3|0|2,television_receiver.n.01,Television_10,other_asset_id,False,NOT_ATTEMPTED_AFTER_STOP
ObjectNavType/val/012500/raw_navigation_camera__0.mp4,television|4|2|1,television_receiver.n.01,Television_11,other_asset_id,False,NOT_ATTEMPTED_AFTER_STOP
ObjectNavType/val/012500/raw_navigation_camera__0.mp4,television|8|3|1,television_receiver.n.01,Television_20,other_asset_id,False,NOT_ATTEMPTED_AFTER_STOP
ObjectNavType/val/012507/raw_navigation_camera__0.mp4,AlarmClock|5|33,alarm_clock.n.01,Alarm_Clock_4,other_asset_id,False,NOT_ATTEMPTED_AFTER_STOP
ObjectNavType/val/012507/raw_navigation_camera__0.mp4,AlarmClock|6|50,alarm_clock.n.01,Alarm_Clock_21,other_asset_id,False,NOT_ATTEMPTED_AFTER_STOP
ObjectNavType/val/012592/raw_navigation_camera__0.mp4,double-pillow|2|1|0,bed.n.01,Bed_20,other_asset_id,False,NOT_ATTEMPTED_AFTER_STOP
ObjectNavType/val/012606/raw_navigation_camera__0.mp4,SprayBottle|2|3,atomizer.n.01,Spray_Bottle_6,other_asset_id,False,NOT_ATTEMPTED_AFTER_STOP
ObjectNavType/val/012637/raw_navigation_camera__0.mp4,Toilet|2|1,toilet.n.02,Toilet_1,other_asset_id,False,NOT_ATTEMPTED_AFTER_STOP
ObjectNavType/val/012675/raw_navigation_camera__0.mp4,Sofa|3|0,sofa.n.01,Sofa_223_1,other_asset_id,False,NOT_ATTEMPTED_AFTER_STOP
ObjectNavType/val/012675/raw_navigation_camera__0.mp4,television-sofa|4|1|1,sofa.n.01,Sofa_203_1,other_asset_id,False,NOT_ATTEMPTED_AFTER_STOP
ObjectNavType/val/012692/raw_navigation_camera__0.mp4,Bed|6|1,bed.n.01,RoboTHOR_bed_grankulla,other_asset_id,False,NOT_ATTEMPTED_AFTER_STOP
ObjectNavType/val/012692/raw_navigation_camera__0.mp4,double-pillow|7|1|0,bed.n.01,Bed_24,other_asset_id,False,NOT_ATTEMPTED_AFTER_STOP
ObjectNavType/val/012692/raw_navigation_camera__0.mp4,single-pillow|8|1|0,bed.n.01,Bed_6,other_asset_id,False,NOT_ATTEMPTED_AFTER_STOP
ObjectNavType/val/012696/raw_navigation_camera__0.mp4,HousePlant|8|67,houseplant.n.01,Houseplant_25,other_asset_id,False,NOT_ATTEMPTED_AFTER_STOP
ObjectNavType/val/012696/raw_navigation_camera__0.mp4,floor-house-plant|2|4|0,houseplant.n.01,Houseplant_18,other_asset_id,False,NOT_ATTEMPTED_AFTER_STOP
ObjectNavType/val/012696/raw_navigation_camera__0.mp4,floor-house-plant|7|3|0,houseplant.n.01,Houseplant_11,other_asset_id,False,NOT_ATTEMPTED_AFTER_STOP
ObjectNavType/val/012698/raw_navigation_camera__0.mp4,double-pillow|2|0|0,bed.n.01,Bed_20,other_asset_id,False,NOT_ATTEMPTED_AFTER_STOP
ObjectNavType/val/012771/raw_navigation_camera__0.mp4,chair-diningtable-2|8|3|1,straight_chair.n.01,Chair_305_1,other_asset_id,False,NOT_ATTEMPTED_AFTER_STOP
ObjectNavType/val/012771/raw_navigation_camera__0.mp4,chair-diningtable-2|8|3|2,straight_chair.n.01,Chair_305_1,other_asset_id,False,NOT_ATTEMPTED_AFTER_STOP
ObjectNavType/val/012771/raw_navigation_camera__0.mp4,chair-diningtable-3|6|5|1,straight_chair.n.01,Chair_205_5,other_asset_id,False,NOT_ATTEMPTED_AFTER_STOP
ObjectNavType/val/012771/raw_navigation_camera__0.mp4,chair-diningtable-3|6|5|2,straight_chair.n.01,Chair_205_5,other_asset_id,False,NOT_ATTEMPTED_AFTER_STOP
ObjectNavType/val/012771/raw_navigation_camera__0.mp4,chair-diningtable-3|6|5|3,straight_chair.n.01,Chair_205_5,other_asset_id,False,NOT_ATTEMPTED_AFTER_STOP
ObjectNavType/val/012771/raw_navigation_camera__0.mp4,chair-diningtable|9|0|1,straight_chair.n.01,Chair_227_1,other_asset_id,False,NOT_ATTEMPTED_AFTER_STOP
ObjectNavType/val/012785/raw_navigation_camera__0.mp4,chair-diningtable-2|4|5|1,straight_chair.n.01,Chair_223_1,other_asset_id,False,NOT_ATTEMPTED_AFTER_STOP
ObjectNavType/val/012785/raw_navigation_camera__0.mp4,chair-diningtable-2|4|5|2,straight_chair.n.01,Chair_223_1,other_asset_id,False,NOT_ATTEMPTED_AFTER_STOP
ObjectNavType/val/012785/raw_navigation_camera__0.mp4,chair-diningtable-2|8|3|1,straight_chair.n.01,Chair_204_2,other_asset_id,False,NOT_ATTEMPTED_AFTER_STOP
ObjectNavType/val/012785/raw_navigation_camera__0.mp4,chair-diningtable-2|8|3|2,straight_chair.n.01,Chair_204_2,other_asset_id,False,NOT_ATTEMPTED_AFTER_STOP
ObjectNavType/val/012793/raw_navigation_camera__0.mp4,AlarmClock|4|6,alarm_clock.n.01,Alarm_Clock_22,other_asset_id,False,NOT_ATTEMPTED_AFTER_STOP
ObjectNavType/val/012854/raw_navigation_camera__0.mp4,Vase|2|14,vase.n.01,Vase_Tall_3,other_asset_id,False,NOT_ATTEMPTED_AFTER_STOP
ObjectNavType/val/012952/raw_navigation_camera__0.mp4,floor-house-plant|5|5|0,houseplant.n.01,Houseplant_11,other_asset_id,False,NOT_ATTEMPTED_AFTER_STOP
ObjectNavType/val/012952/raw_navigation_camera__0.mp4,floor-house-plant|6|2|0,houseplant.n.01,Houseplant_29,other_asset_id,False,NOT_ATTEMPTED_AFTER_STOP
ObjectNavType/val/012953/raw_navigation_camera__0.mp4,SprayBottle|2|5,atomizer.n.01,Spray_Bottle_7,other_asset_id,False,NOT_ATTEMPTED_AFTER_STOP
ObjectNavType/val/013018/raw_navigation_camera__0.mp4,Toilet|5|0,toilet.n.02,Toilet_2,other_asset_id,False,NOT_ATTEMPTED_AFTER_STOP
ObjectNavType/val/013027/raw_navigation_camera__0.mp4,chair-diningtable|6|3|1,straight_chair.n.01,RoboTHOR_chair_jokkmokk_v,other_asset_id,False,NOT_ATTEMPTED_AFTER_STOP
ObjectNavType/val/013027/raw_navigation_camera__0.mp4,chair-diningtable|7|0|1,straight_chair.n.01,Chair_007_1,other_asset_id,False,NOT_ATTEMPTED_AFTER_STOP
ObjectNavType/val/013027/raw_navigation_camera__0.mp4,desk-with-chair|4|3|1,straight_chair.n.01,Chair_205_5,other_asset_id,False,NOT_ATTEMPTED_AFTER_STOP
ObjectNavType/val/013125/raw_navigation_camera__0.mp4,Bowl|4|24,bowl.n.03,Bowl_3,other_asset_id,False,NOT_ATTEMPTED_AFTER_STOP
ObjectNavType/val/013125/raw_navigation_camera__0.mp4,Bowl|6|40,bowl.n.03,Bowl_3,other_asset_id,False,NOT_ATTEMPTED_AFTER_STOP
ObjectNavType/val/013137/raw_navigation_camera__0.mp4,Toilet|5|0,toilet.n.02,Toilet_1,other_asset_id,False,NOT_ATTEMPTED_AFTER_STOP
ObjectNavType/val/013137/raw_navigation_camera__0.mp4,Toilet|7|2,toilet.n.02,Toilet_1,other_asset_id,False,NOT_ATTEMPTED_AFTER_STOP
ObjectNavType/val/013166/raw_navigation_camera__0.mp4,Bowl|2|11,bowl.n.03,Bowl_14,other_asset_id,False,NOT_ATTEMPTED_AFTER_STOP
ObjectNavType/val/013166/raw_navigation_camera__0.mp4,Bowl|3|25,bowl.n.03,Bowl_25,other_asset_id,False,NOT_ATTEMPTED_AFTER_STOP
ObjectNavType/val/013167/raw_navigation_camera__0.mp4,GarbageCan|5|3,ashcan.n.01,bin_3,other_asset_id,False,NOT_ATTEMPTED_AFTER_STOP
ObjectNavType/val/013169/raw_navigation_camera__0.mp4,Bowl|2|5,bowl.n.03,Bowl_23,other_asset_id,False,NOT_ATTEMPTED_AFTER_STOP
ObjectNavType/val/013175/raw_navigation_camera__0.mp4,Laptop|3|16,laptop.n.01,Laptop_9,other_asset_id,False,NOT_ATTEMPTED_AFTER_STOP
ObjectNavType/val/013181/raw_navigation_camera__0.mp4,chair-diningtable-2|4|4|1,straight_chair.n.01,RoboTHOR_office_chair_skruvsta,other_asset_id,False,NOT_ATTEMPTED_AFTER_STOP
ObjectNavType/val/013181/raw_navigation_camera__0.mp4,chair-diningtable-2|4|4|2,straight_chair.n.01,RoboTHOR_office_chair_skruvsta,other_asset_id,False,NOT_ATTEMPTED_AFTER_STOP
ObjectNavType/val/013181/raw_navigation_camera__0.mp4,chair-diningtable|6|4|1,straight_chair.n.01,Chair_303_1,other_asset_id,False,NOT_ATTEMPTED_AFTER_STOP
ObjectNavType/val/013205/raw_navigation_camera__0.mp4,4|5,television_receiver.n.01,Television_25,other_asset_id,False,NOT_ATTEMPTED_AFTER_STOP
ObjectNavType/val/013205/raw_navigation_camera__0.mp4,6|6,television_receiver.n.01,Television_25,other_asset_id,False,NOT_ATTEMPTED_AFTER_STOP
ObjectNavType/val/013205/raw_navigation_camera__0.mp4,7|6,television_receiver.n.01,Television_25,other_asset_id,False,NOT_ATTEMPTED_AFTER_STOP
ObjectNavType/val/013205/raw_navigation_camera__0.mp4,television|3|2|1,television_receiver.n.01,Television_24,other_asset_id,False,NOT_ATTEMPTED_AFTER_STOP
ObjectNavType/val/013226/raw_navigation_camera__0.mp4,ObjaVase|2|3,vase.n.01,cf0343566b0048c9b58a6959d32c5855,hex32_asset_id,True,NOT_ATTEMPTED_AFTER_STOP
ObjectNavType/val/013238/raw_navigation_camera__0.mp4,AlarmClock|8|65,alarm_clock.n.01,Alarm_Clock_22,other_asset_id,False,NOT_ATTEMPTED_AFTER_STOP
ObjectNavType/val/013259/raw_navigation_camera__0.mp4,Toilet|5|0,toilet.n.02,Toilet_1,other_asset_id,False,NOT_ATTEMPTED_AFTER_STOP
ObjectNavType/val/013264/raw_navigation_camera__0.mp4,ObjaTrashCan|5|3,ashcan.n.01,b7d1fd7cdd2b4c81b3c3fd9516a472ac,hex32_asset_id,True,NOT_ATTEMPTED_AFTER_STOP
ObjectNavType/val/013265/raw_navigation_camera__0.mp4,Bowl|2|28,bowl.n.03,Bowl_25,other_asset_id,False,NOT_ATTEMPTED_AFTER_STOP
ObjectNavType/val/013276/raw_navigation_camera__0.mp4,GarbageCan|6|2,ashcan.n.01,bin_16,other_asset_id,False,NOT_ATTEMPTED_AFTER_STOP
ObjectNavType/val/013276/raw_navigation_camera__0.mp4,ObjaTrashCan|5|0,ashcan.n.01,b1937273e63247c29080b87e250cdf03,hex32_asset_id,True,NOT_ATTEMPTED_AFTER_STOP
ObjectNavType/val/013278/raw_navigation_camera__0.mp4,AlarmClock|6|55,alarm_clock.n.01,RoboTHOR_alarm_clock_bajk_v,other_asset_id,False,NOT_ATTEMPTED_AFTER_STOP
ObjectNavType/val/013278/raw_navigation_camera__0.mp4,AlarmClock|7|63,alarm_clock.n.01,Alarm_Clock_23,other_asset_id,False,NOT_ATTEMPTED_AFTER_STOP
ObjectNavType/val/013278/raw_navigation_camera__0.mp4,AlarmClock|8|70,alarm_clock.n.01,Alarm_Clock_5,other_asset_id,False,NOT_ATTEMPTED_AFTER_STOP
ObjectNavType/val/013297/raw_navigation_camera__0.mp4,AlarmClock|2|39,alarm_clock.n.01,Alarm_Clock_16,other_asset_id,False,NOT_ATTEMPTED_AFTER_STOP
ObjectNavType/val/013298/raw_navigation_camera__0.mp4,ObjaMug|2|1,mug.n.04,9352c200537048eca281f2f48a8d25cf,hex32_asset_id,True,NOT_ATTEMPTED_AFTER_STOP
ObjectNavType/val/013312/raw_navigation_camera__0.mp4,Vase|6|12,vase.n.01,Vase_Tall_1,other_asset_id,False,NOT_ATTEMPTED_AFTER_STOP
ObjectNavType/val/013312/raw_navigation_camera__0.mp4,Vase|7|25,vase.n.01,Vase_Open_2,other_asset_id,False,NOT_ATTEMPTED_AFTER_STOP
ObjectNavType/val/013337/raw_navigation_camera__0.mp4,Sofa|7|1,sofa.n.01,Sofa_214_1,other_asset_id,False,NOT_ATTEMPTED_AFTER_STOP
ObjectNavType/val/013340/raw_navigation_camera__0.mp4,HousePlant|2|41,houseplant.n.01,Houseplant_10,other_asset_id,False,NOT_ATTEMPTED_AFTER_STOP
ObjectNavType/val/013340/raw_navigation_camera__0.mp4,HousePlant|7|27,houseplant.n.01,Houseplant_20,other_asset_id,False,NOT_ATTEMPTED_AFTER_STOP
ObjectNavType/val/013340/raw_navigation_camera__0.mp4,floor-house-plant|6|3|0,houseplant.n.01,Houseplant_16,other_asset_id,False,NOT_ATTEMPTED_AFTER_STOP
ObjectNavType/val/013351/raw_navigation_camera__0.mp4,Sofa|7|2,sofa.n.01,Sofa_221_1,other_asset_id,False,NOT_ATTEMPTED_AFTER_STOP
ObjectNavType/val/013352/raw_navigation_camera__0.mp4,Bowl|4|27,bowl.n.03,Bowl_20,other_asset_id,False,NOT_ATTEMPTED_AFTER_STOP
ObjectNavType/val/013352/raw_navigation_camera__0.mp4,Bowl|6|45,bowl.n.03,Bowl_24,other_asset_id,False,NOT_ATTEMPTED_AFTER_STOP
ObjectNavType/val/013352/raw_navigation_camera__0.mp4,Bowl|8|59,bowl.n.03,RoboTHOR_bowl_ai2_v,other_asset_id,False,NOT_ATTEMPTED_AFTER_STOP
ObjectNavType/val/013391/raw_navigation_camera__0.mp4,Laptop|3|24,laptop.n.01,Laptop_6,other_asset_id,False,NOT_ATTEMPTED_AFTER_STOP
ObjectNavType/val/013392/raw_navigation_camera__0.mp4,Bed|8|1,bed.n.01,Bed_14,other_asset_id,False,NOT_ATTEMPTED_AFTER_STOP
ObjectNavType/val/013392/raw_navigation_camera__0.mp4,double-pillow|7|1|0,bed.n.01,Bed_20,other_asset_id,False,NOT_ATTEMPTED_AFTER_STOP
ObjectNavType/val/013392/raw_navigation_camera__0.mp4,single-pillow|6|0|0,bed.n.01,Bed_10,other_asset_id,False,NOT_ATTEMPTED_AFTER_STOP
ObjectNavType/val/013393/raw_navigation_camera__0.mp4,Sofa|3|1,sofa.n.01,RoboTHOR_sofa_solsta,other_asset_id,False,NOT_ATTEMPTED_AFTER_STOP
ObjectNavType/val/013393/raw_navigation_camera__0.mp4,Sofa|4|0,sofa.n.01,Sofa_221_1,other_asset_id,False,NOT_ATTEMPTED_AFTER_STOP
ObjectNavType/val/013393/raw_navigation_camera__0.mp4,Sofa|8|2,sofa.n.01,Sofa_207_2,other_asset_id,False,NOT_ATTEMPTED_AFTER_STOP
ObjectNavType/val/013415/raw_navigation_camera__0.mp4,8|4,television_receiver.n.01,Television_25,other_asset_id,False,NOT_ATTEMPTED_AFTER_STOP
ObjectNavType/val/013415/raw_navigation_camera__0.mp4,9|1,television_receiver.n.01,Television_25,other_asset_id,False,NOT_ATTEMPTED_AFTER_STOP
ObjectNavType/val/013419/raw_navigation_camera__0.mp4,ObjaTrashCan|5|2,ashcan.n.01,e3a19a7e6faf47db98c2933f8484ed31,hex32_asset_id,True,NOT_ATTEMPTED_AFTER_STOP
ObjectNavType/val/013419/raw_navigation_camera__0.mp4,ObjaTrashCan|7|3,ashcan.n.01,e3a19a7e6faf47db98c2933f8484ed31,hex32_asset_id,True,NOT_ATTEMPTED_AFTER_STOP
ObjectNavType/val/013422/raw_navigation_camera__0.mp4,AlarmClock|4|8,alarm_clock.n.01,Alarm_Clock_17,other_asset_id,False,NOT_ATTEMPTED_AFTER_STOP
ObjectNavType/val/013422/raw_navigation_camera__0.mp4,AlarmClock|6|29,alarm_clock.n.01,Alarm_Clock_25,other_asset_id,False,NOT_ATTEMPTED_AFTER_STOP
ObjectNavType/val/013426/raw_navigation_camera__0.mp4,Apple|2|16,apple.n.01,Apple_20,other_asset_id,False,NOT_ATTEMPTED_AFTER_STOP
ObjectNavType/val/013436/raw_navigation_camera__0.mp4,television|7|0|1,television_receiver.n.01,Television_24,other_asset_id,False,NOT_ATTEMPTED_AFTER_STOP
ObjectNavType/val/013445/raw_navigation_camera__0.mp4,Toilet|2|2,toilet.n.02,Toilet_2,other_asset_id,False,NOT_ATTEMPTED_AFTER_STOP
ObjectNavType/val/013447/raw_navigation_camera__0.mp4,chair-diningtable-6|8|2|1,straight_chair.n.01,Chair_205_3,other_asset_id,False,NOT_ATTEMPTED_AFTER_STOP
ObjectNavType/val/013447/raw_navigation_camera__0.mp4,chair-diningtable-6|8|2|2,straight_chair.n.01,Chair_205_3,other_asset_id,False,NOT_ATTEMPTED_AFTER_STOP
ObjectNavType/val/013447/raw_navigation_camera__0.mp4,chair-diningtable-6|8|2|3,straight_chair.n.01,Chair_205_3,other_asset_id,False,NOT_ATTEMPTED_AFTER_STOP
ObjectNavType/val/013447/raw_navigation_camera__0.mp4,chair-diningtable-6|8|2|4,straight_chair.n.01,Chair_205_3,other_asset_id,False,NOT_ATTEMPTED_AFTER_STOP
ObjectNavType/val/013447/raw_navigation_camera__0.mp4,chair-diningtable-6|8|2|5,straight_chair.n.01,Chair_205_3,other_asset_id,False,NOT_ATTEMPTED_AFTER_STOP
ObjectNavType/val/013447/raw_navigation_camera__0.mp4,chair-diningtable|4|2|1,straight_chair.n.01,Chair_305_1,other_asset_id,False,NOT_ATTEMPTED_AFTER_STOP
ObjectNavType/val/013449/raw_navigation_camera__0.mp4,HousePlant|2|47,houseplant.n.01,Houseplant_5,other_asset_id,False,NOT_ATTEMPTED_AFTER_STOP
ObjectNavType/val/013449/raw_navigation_camera__0.mp4,HousePlant|6|20,houseplant.n.01,Houseplant_22,other_asset_id,False,NOT_ATTEMPTED_AFTER_STOP
ObjectNavType/val/013458/raw_navigation_camera__0.mp4,Laptop|6|29,laptop.n.01,Laptop_15,other_asset_id,False,NOT_ATTEMPTED_AFTER_STOP
ObjectNavType/val/013458/raw_navigation_camera__0.mp4,Laptop|9|63,laptop.n.01,Laptop_25,other_asset_id,False,NOT_ATTEMPTED_AFTER_STOP
ObjectNavType/val/013464/raw_navigation_camera__0.mp4,floor-house-plant|8|2|0,houseplant.n.01,Houseplant_17,other_asset_id,False,NOT_ATTEMPTED_AFTER_STOP
ObjectNavType/val/013489/raw_navigation_camera__0.mp4,ObjaBasketball|4|4,basketball.n.02,3b10cc22deea407eb5938065aacaa48b,hex32_asset_id,True,NOT_ATTEMPTED_AFTER_STOP
ObjectNavType/val/013527/raw_navigation_camera__0.mp4,HousePlant|3|19,houseplant.n.01,Houseplant_13,other_asset_id,False,NOT_ATTEMPTED_AFTER_STOP
ObjectNavType/val/013527/raw_navigation_camera__0.mp4,floor-house-plant|2|2|0,houseplant.n.01,Houseplant_29,other_asset_id,False,NOT_ATTEMPTED_AFTER_STOP
ObjectNavType/val/013529/raw_navigation_camera__0.mp4,ObjaTrashCan|2|4,ashcan.n.01,ba98818e981442bb9cda93fac2f97a46,hex32_asset_id,True,NOT_ATTEMPTED_AFTER_STOP
ObjectNavType/val/013549/raw_navigation_camera__0.mp4,ObjaTrashCan|5|2,ashcan.n.01,0a97a6e5c2894bfba2d347d333756b0e,hex32_asset_id,True,NOT_ATTEMPTED_AFTER_STOP
ObjectNavType/val/013623/raw_navigation_camera__0.mp4,AlarmClock|4|11,alarm_clock.n.01,Alarm_Clock_21,other_asset_id,False,NOT_ATTEMPTED_AFTER_STOP
ObjectNavType/val/013634/raw_navigation_camera__0.mp4,Vase|2|10,vase.n.01,Vase_Medium_5,other_asset_id,False,NOT_ATTEMPTED_AFTER_STOP
ObjectNavType/val/013639/raw_navigation_camera__0.mp4,Sofa|7|1,sofa.n.01,Sofa_201_2,other_asset_id,False,NOT_ATTEMPTED_AFTER_STOP
ObjectNavType/val/013641/raw_navigation_camera__0.mp4,Vase|6|55,vase.n.01,Vase_Tall_1,other_asset_id,False,NOT_ATTEMPTED_AFTER_STOP
ObjectNavType/val/013653/raw_navigation_camera__0.mp4,AlarmClock|4|5,alarm_clock.n.01,Alarm_Clock_18,other_asset_id,False,NOT_ATTEMPTED_AFTER_STOP
ObjectNavType/val/013668/raw_navigation_camera__0.mp4,Sofa|2|0,sofa.n.01,RoboTHOR_sofa_solsta,other_asset_id,False,NOT_ATTEMPTED_AFTER_STOP
ObjectNavType/val/013687/raw_navigation_camera__0.mp4,HousePlant|2|14,houseplant.n.01,Houseplant_19,other_asset_id,False,NOT_ATTEMPTED_AFTER_STOP
ObjectNavType/val/013699/raw_navigation_camera__0.mp4,Laptop|3|24,laptop.n.01,Laptop_24,other_asset_id,False,NOT_ATTEMPTED_AFTER_STOP
ObjectNavType/val/013699/raw_navigation_camera__0.mp4,Laptop|6|48,laptop.n.01,Laptop_23,other_asset_id,False,NOT_ATTEMPTED_AFTER_STOP
ObjectNavType/val/013708/raw_navigation_camera__0.mp4,Laptop|4|43,laptop.n.01,Laptop_24,other_asset_id,False,NOT_ATTEMPTED_AFTER_STOP
ObjectNavType/val/013708/raw_navigation_camera__0.mp4,Laptop|6|65,laptop.n.01,Laptop_4,other_asset_id,False,NOT_ATTEMPTED_AFTER_STOP
ObjectNavType/val/013708/raw_navigation_camera__0.mp4,Laptop|7|74,laptop.n.01,Laptop_4,other_asset_id,False,NOT_ATTEMPTED_AFTER_STOP
ObjectNavType/val/013708/raw_navigation_camera__0.mp4,Laptop|8|89,laptop.n.01,Laptop_8,other_asset_id,False,NOT_ATTEMPTED_AFTER_STOP
ObjectNavType/val/013727/raw_navigation_camera__0.mp4,AlarmClock|4|5,alarm_clock.n.01,Alarm_Clock_25,other_asset_id,False,NOT_ATTEMPTED_AFTER_STOP
ObjectNavType/val/013727/raw_navigation_camera__0.mp4,AlarmClock|6|27,alarm_clock.n.01,Alarm_Clock_14,other_asset_id,False,NOT_ATTEMPTED_AFTER_STOP
ObjectNavType/val/013731/raw_navigation_camera__0.mp4,Apple|2|9,apple.n.01,Apple_17,other_asset_id,False,NOT_ATTEMPTED_AFTER_STOP
ObjectNavType/val/013757/raw_navigation_camera__0.mp4,Apple|8|48,apple.n.01,Apple_18,other_asset_id,False,NOT_ATTEMPTED_AFTER_STOP
ObjectNavType/val/013761/raw_navigation_camera__0.mp4,4|7,television_receiver.n.01,Television_25,other_asset_id,False,NOT_ATTEMPTED_AFTER_STOP
ObjectNavType/val/013761/raw_navigation_camera__0.mp4,8|7,television_receiver.n.01,Television_25,other_asset_id,False,NOT_ATTEMPTED_AFTER_STOP
ObjectNavType/val/013761/raw_navigation_camera__0.mp4,television-sofa|3|0|2,television_receiver.n.01,Television_1,other_asset_id,False,NOT_ATTEMPTED_AFTER_STOP
ObjectNavType/val/013761/raw_navigation_camera__0.mp4,television|7|2|1,television_receiver.n.01,Television_11,other_asset_id,False,NOT_ATTEMPTED_AFTER_STOP
ObjectNavType/val/013807/raw_navigation_camera__0.mp4,ObjaMug|6|50,mug.n.04,f75fc256788c4e20983eb6693466b074,hex32_asset_id,True,NOT_ATTEMPTED_AFTER_STOP
ObjectNavType/val/013812/raw_navigation_camera__0.mp4,6|5,television_receiver.n.01,Television_25,other_asset_id,False,NOT_ATTEMPTED_AFTER_STOP
ObjectNavType/val/013812/raw_navigation_camera__0.mp4,television|9|2|1,television_receiver.n.01,Television_24,other_asset_id,False,NOT_ATTEMPTED_AFTER_STOP
ObjectNavType/val/013818/raw_navigation_camera__0.mp4,ObjaTrashCan|3|3,ashcan.n.01,c0a78b0c02f046cbb770837cfd7d748f,hex32_asset_id,True,NOT_ATTEMPTED_AFTER_STOP
ObjectNavType/val/013819/raw_navigation_camera__0.mp4,GarbageCan|4|2,ashcan.n.01,bin_10,other_asset_id,False,NOT_ATTEMPTED_AFTER_STOP
ObjectNavType/val/013819/raw_navigation_camera__0.mp4,ObjaTrashCan|5|1,ashcan.n.01,8f933c82cacb4079bf699f9fe8c3c0d7,hex32_asset_id,True,NOT_ATTEMPTED_AFTER_STOP
ObjectNavType/val/013859/raw_navigation_camera__0.mp4,single-pillow|2|1|0,bed.n.01,Bed_1,other_asset_id,False,NOT_ATTEMPTED_AFTER_STOP
ObjectNavType/val/013886/raw_navigation_camera__0.mp4,Bed|4|1,bed.n.01,Bed_22,other_asset_id,False,NOT_ATTEMPTED_AFTER_STOP
ObjectNavType/val/013911/raw_navigation_camera__0.mp4,Sofa|3|1,sofa.n.01,RoboTHOR_sofa_solsta,other_asset_id,False,NOT_ATTEMPTED_AFTER_STOP
ObjectNavType/val/013923/raw_navigation_camera__0.mp4,4|6,television_receiver.n.01,Television_25,other_asset_id,False,NOT_ATTEMPTED_AFTER_STOP
ObjectNavType/val/013923/raw_navigation_camera__0.mp4,7|6,television_receiver.n.01,Television_25,other_asset_id,False,NOT_ATTEMPTED_AFTER_STOP
ObjectNavType/val/013923/raw_navigation_camera__0.mp4,television|3|2|1,television_receiver.n.01,Television_24,other_asset_id,False,NOT_ATTEMPTED_AFTER_STOP
ObjectNavType/val/013931/raw_navigation_camera__0.mp4,HousePlant|2|6,houseplant.n.01,Houseplant_12,other_asset_id,False,NOT_ATTEMPTED_AFTER_STOP
ObjectNavType/val/013931/raw_navigation_camera__0.mp4,HousePlant|4|29,houseplant.n.01,Houseplant_3,other_asset_id,False,NOT_ATTEMPTED_AFTER_STOP
ObjectNavType/val/013931/raw_navigation_camera__0.mp4,HousePlant|5|37,houseplant.n.01,RoboTHOR_houseplant_ai2_2_v,other_asset_id,False,NOT_ATTEMPTED_AFTER_STOP
ObjectNavType/val/013943/raw_navigation_camera__0.mp4,Bowl|6|28,bowl.n.03,Bowl_5,other_asset_id,False,NOT_ATTEMPTED_AFTER_STOP
ObjectNavType/val/013952/raw_navigation_camera__0.mp4,Toilet|2|4,toilet.n.02,Toilet_2,other_asset_id,False,NOT_ATTEMPTED_AFTER_STOP
ObjectNavType/val/013968/raw_navigation_camera__0.mp4,Apple|2|11,apple.n.01,Apple_10,other_asset_id,False,NOT_ATTEMPTED_AFTER_STOP
ObjectNavType/val/013975/raw_navigation_camera__0.mp4,Laptop|4|32,laptop.n.01,Laptop_6,other_asset_id,False,NOT_ATTEMPTED_AFTER_STOP
ObjectNavType/val/013980/raw_navigation_camera__0.mp4,Bed|6|1,bed.n.01,Bed_19,other_asset_id,False,NOT_ATTEMPTED_AFTER_STOP
ObjectNavType/val/013980/raw_navigation_camera__0.mp4,double-pillow|4|1|0,bed.n.01,Bed_23,other_asset_id,False,NOT_ATTEMPTED_AFTER_STOP
ObjectNavType/val/014034/raw_navigation_camera__0.mp4,HousePlant|3|17,houseplant.n.01,Houseplant_4,other_asset_id,False,NOT_ATTEMPTED_AFTER_STOP
ObjectNavType/val/014034/raw_navigation_camera__0.mp4,HousePlant|8|58,houseplant.n.01,Houseplant_25,other_asset_id,False,NOT_ATTEMPTED_AFTER_STOP
ObjectNavType/val/014034/raw_navigation_camera__0.mp4,floor-house-plant|7|2|0,houseplant.n.01,Houseplant_29,other_asset_id,False,NOT_ATTEMPTED_AFTER_STOP
ObjectNavType/val/014044/raw_navigation_camera__0.mp4,ObjaGarbageCan|3|2,ashcan.n.01,251800fbef6a413ab88a6390950f5e4b,hex32_asset_id,True,NOT_ATTEMPTED_AFTER_STOP
ObjectNavType/val/014064/raw_navigation_camera__0.mp4,HousePlant|3|30,houseplant.n.01,Houseplant_24,other_asset_id,False,NOT_ATTEMPTED_AFTER_STOP
ObjectNavType/val/014064/raw_navigation_camera__0.mp4,HousePlant|8|85,houseplant.n.01,RoboTHOR_houseplant_ai2_2_v,other_asset_id,False,NOT_ATTEMPTED_AFTER_STOP
ObjectNavType/val/014064/raw_navigation_camera__0.mp4,floor-house-plant|7|4|0,houseplant.n.01,Houseplant_6,other_asset_id,False,NOT_ATTEMPTED_AFTER_STOP
ObjectNavType/val/014067/raw_navigation_camera__0.mp4,3|3,television_receiver.n.01,Television_25,other_asset_id,False,NOT_ATTEMPTED_AFTER_STOP
ObjectNavType/val/014067/raw_navigation_camera__0.mp4,6|7,television_receiver.n.01,Television_25,other_asset_id,False,NOT_ATTEMPTED_AFTER_STOP
ObjectNavType/val/014067/raw_navigation_camera__0.mp4,television-sofa|4|0|2,television_receiver.n.01,Television_5,other_asset_id,False,NOT_ATTEMPTED_AFTER_STOP
ObjectNavType/val/014070/raw_navigation_camera__0.mp4,AlarmClock|6|38,alarm_clock.n.01,Alarm_Clock_9,other_asset_id,False,NOT_ATTEMPTED_AFTER_STOP
ObjectNavType/val/014122/raw_navigation_camera__0.mp4,Toilet|5|3,toilet.n.02,Toilet_2,other_asset_id,False,NOT_ATTEMPTED_AFTER_STOP
ObjectNavType/val/014129/raw_navigation_camera__0.mp4,chair-diningtable|4|2|1,straight_chair.n.01,Chair_210_2,other_asset_id,False,NOT_ATTEMPTED_AFTER_STOP
ObjectNavType/val/014168/raw_navigation_camera__0.mp4,Toilet|7|3,toilet.n.02,Toilet_1,other_asset_id,False,NOT_ATTEMPTED_AFTER_STOP
ObjectNavType/val/014172/raw_navigation_camera__0.mp4,Bowl|2|7,bowl.n.03,Bowl_6,other_asset_id,False,NOT_ATTEMPTED_AFTER_STOP
ObjectNavType/val/014172/raw_navigation_camera__0.mp4,Bowl|5|43,bowl.n.03,Bowl_21,other_asset_id,False,NOT_ATTEMPTED_AFTER_STOP
ObjectNavType/val/014172/raw_navigation_camera__0.mp4,Bowl|6|54,bowl.n.03,Bowl_2,other_asset_id,False,NOT_ATTEMPTED_AFTER_STOP
ObjectNavType/val/014234/raw_navigation_camera__0.mp4,SprayBottle|6|9,atomizer.n.01,Spray_Bottle_6,other_asset_id,False,NOT_ATTEMPTED_AFTER_STOP
ObjectNavType/val/014243/raw_navigation_camera__0.mp4,Apple|2|6,apple.n.01,Apple_7,other_asset_id,False,NOT_ATTEMPTED_AFTER_STOP
ObjectNavType/val/014263/raw_navigation_camera__0.mp4,chair-diningtable-2|2|3|1,straight_chair.n.01,Chair_227_1,other_asset_id,False,NOT_ATTEMPTED_AFTER_STOP
ObjectNavType/val/014263/raw_navigation_camera__0.mp4,chair-diningtable-2|2|3|2,straight_chair.n.01,Chair_227_1,other_asset_id,False,NOT_ATTEMPTED_AFTER_STOP
ObjectNavType/val/014263/raw_navigation_camera__0.mp4,chair-diningtable-2|6|1|1,straight_chair.n.01,Chair_215_1,other_asset_id,False,NOT_ATTEMPTED_AFTER_STOP
ObjectNavType/val/014263/raw_navigation_camera__0.mp4,chair-diningtable-2|6|1|2,straight_chair.n.01,Chair_215_1,other_asset_id,False,NOT_ATTEMPTED_AFTER_STOP
ObjectNavType/val/014263/raw_navigation_camera__0.mp4,chair-diningtable-5|7|2|1,straight_chair.n.01,Chair_307_1,other_asset_id,False,NOT_ATTEMPTED_AFTER_STOP
ObjectNavType/val/014263/raw_navigation_camera__0.mp4,chair-diningtable-5|7|2|2,straight_chair.n.01,Chair_307_1,other_asset_id,False,NOT_ATTEMPTED_AFTER_STOP
ObjectNavType/val/014263/raw_navigation_camera__0.mp4,chair-diningtable-5|7|2|3,straight_chair.n.01,Chair_307_1,other_asset_id,False,NOT_ATTEMPTED_AFTER_STOP
ObjectNavType/val/014263/raw_navigation_camera__0.mp4,chair-diningtable-5|7|2|4,straight_chair.n.01,Chair_307_1,other_asset_id,False,NOT_ATTEMPTED_AFTER_STOP
ObjectNavType/val/014263/raw_navigation_camera__0.mp4,chair-diningtable-6|3|1|1,straight_chair.n.01,Chair_311_1,other_asset_id,False,NOT_ATTEMPTED_AFTER_STOP
ObjectNavType/val/014263/raw_navigation_camera__0.mp4,chair-diningtable-6|3|1|2,straight_chair.n.01,Chair_311_1,other_asset_id,False,NOT_ATTEMPTED_AFTER_STOP
ObjectNavType/val/014263/raw_navigation_camera__0.mp4,chair-diningtable-6|3|1|3,straight_chair.n.01,Chair_311_1,other_asset_id,False,NOT_ATTEMPTED_AFTER_STOP
ObjectNavType/val/014263/raw_navigation_camera__0.mp4,chair-diningtable-6|3|1|4,straight_chair.n.01,Chair_311_1,other_asset_id,False,NOT_ATTEMPTED_AFTER_STOP
ObjectNavType/val/014263/raw_navigation_camera__0.mp4,chair-diningtable-6|3|1|5,straight_chair.n.01,Chair_311_1,other_asset_id,False,NOT_ATTEMPTED_AFTER_STOP
ObjectNavType/val/014263/raw_navigation_camera__0.mp4,chair-diningtable-7|8|1|1,straight_chair.n.01,Chair_007_3,other_asset_id,False,NOT_ATTEMPTED_AFTER_STOP
ObjectNavType/val/014263/raw_navigation_camera__0.mp4,chair-diningtable-7|8|1|2,straight_chair.n.01,Chair_007_3,other_asset_id,False,NOT_ATTEMPTED_AFTER_STOP
ObjectNavType/val/014263/raw_navigation_camera__0.mp4,chair-diningtable-7|8|1|3,straight_chair.n.01,Chair_007_3,other_asset_id,False,NOT_ATTEMPTED_AFTER_STOP
ObjectNavType/val/014263/raw_navigation_camera__0.mp4,chair-diningtable-7|8|1|4,straight_chair.n.01,Chair_007_3,other_asset_id,False,NOT_ATTEMPTED_AFTER_STOP
ObjectNavType/val/014263/raw_navigation_camera__0.mp4,chair-diningtable-7|8|1|5,straight_chair.n.01,Chair_007_3,other_asset_id,False,NOT_ATTEMPTED_AFTER_STOP
ObjectNavType/val/014263/raw_navigation_camera__0.mp4,chair-diningtable-7|8|1|6,straight_chair.n.01,Chair_007_3,other_asset_id,False,NOT_ATTEMPTED_AFTER_STOP
ObjectNavType/val/014286/raw_navigation_camera__0.mp4,GarbageCan|7|1,ashcan.n.01,bin_24,other_asset_id,False,NOT_ATTEMPTED_AFTER_STOP
ObjectNavType/val/014299/raw_navigation_camera__0.mp4,HousePlant|6|25,houseplant.n.01,Houseplant_24,other_asset_id,False,NOT_ATTEMPTED_AFTER_STOP
ObjectNavType/val/014299/raw_navigation_camera__0.mp4,floor-house-plant|8|3|0,houseplant.n.01,Houseplant_7,other_asset_id,False,NOT_ATTEMPTED_AFTER_STOP
ObjectNavType/val/014314/raw_navigation_camera__0.mp4,chair-diningtable-4|4|0|1,straight_chair.n.01,Chair_203_3,other_asset_id,False,NOT_ATTEMPTED_AFTER_STOP
ObjectNavType/val/014314/raw_navigation_camera__0.mp4,chair-diningtable-4|4|0|2,straight_chair.n.01,Chair_203_3,other_asset_id,False,NOT_ATTEMPTED_AFTER_STOP
ObjectNavType/val/014314/raw_navigation_camera__0.mp4,chair-diningtable-4|4|0|3,straight_chair.n.01,Chair_203_3,other_asset_id,False,NOT_ATTEMPTED_AFTER_STOP
ObjectNavType/val/014314/raw_navigation_camera__0.mp4,chair-diningtable-4|4|0|4,straight_chair.n.01,Chair_203_3,other_asset_id,False,NOT_ATTEMPTED_AFTER_STOP
ObjectNavType/val/014314/raw_navigation_camera__0.mp4,chair-diningtable|3|3|1,straight_chair.n.01,Chair_205_5,other_asset_id,False,NOT_ATTEMPTED_AFTER_STOP
ObjectNavType/val/014320/raw_navigation_camera__0.mp4,ObjaGarbageCan|7|3,ashcan.n.01,d7290a29dcdf433b9af6dd4b5a96da78,hex32_asset_id,True,NOT_ATTEMPTED_AFTER_STOP
ObjectNavType/val/014320/raw_navigation_camera__0.mp4,ObjaTrashCan|7|4,ashcan.n.01,7cce16ad3deb472086c9997e01884115,hex32_asset_id,True,NOT_ATTEMPTED_AFTER_STOP
ObjectNavType/val/014326/raw_navigation_camera__0.mp4,HousePlant|6|7,houseplant.n.01,Houseplant_19,other_asset_id,False,NOT_ATTEMPTED_AFTER_STOP
ObjectNavType/val/014326/raw_navigation_camera__0.mp4,floor-house-plant|2|5|0,houseplant.n.01,Houseplant_17,other_asset_id,False,NOT_ATTEMPTED_AFTER_STOP
ObjectNavType/val/014330/raw_navigation_camera__0.mp4,Sofa|3|0,sofa.n.01,Sofa_223_1,other_asset_id,False,NOT_ATTEMPTED_AFTER_STOP
ObjectNavType/val/014397/raw_navigation_camera__0.mp4,Apple|2|22,apple.n.01,Apple_20,other_asset_id,False,NOT_ATTEMPTED_AFTER_STOP
ObjectNavType/val/014416/raw_navigation_camera__0.mp4,Bowl|2|7,bowl.n.03,Bowl_24,other_asset_id,False,NOT_ATTEMPTED_AFTER_STOP
ObjectNavType/val/014423/raw_navigation_camera__0.mp4,Sofa|4|1,sofa.n.01,Sofa_221_1,other_asset_id,False,NOT_ATTEMPTED_AFTER_STOP
ObjectNavType/val/014424/raw_navigation_camera__0.mp4,Vase|2|6,vase.n.01,Vase_Open_1,other_asset_id,False,NOT_ATTEMPTED_AFTER_STOP
ObjectNavType/val/014426/raw_navigation_camera__0.mp4,Sofa|3|1,sofa.n.01,RoboTHOR_sofa_vreta,other_asset_id,False,NOT_ATTEMPTED_AFTER_STOP
ObjectNavType/val/014446/raw_navigation_camera__0.mp4,SprayBottle|7|38,atomizer.n.01,Spray_Bottle_3,other_asset_id,False,NOT_ATTEMPTED_AFTER_STOP
ObjectNavType/val/014454/raw_navigation_camera__0.mp4,Bed|4|2,bed.n.01,Bed_4,other_asset_id,False,NOT_ATTEMPTED_AFTER_STOP
ObjectNavType/val/014454/raw_navigation_camera__0.mp4,double-pillow|6|0|0,bed.n.01,Bed_22,other_asset_id,False,NOT_ATTEMPTED_AFTER_STOP
ObjectNavType/val/014457/raw_navigation_camera__0.mp4,Vase|4|8,vase.n.01,Vase_Flat_3,other_asset_id,False,NOT_ATTEMPTED_AFTER_STOP
ObjectNavType/val/014457/raw_navigation_camera__0.mp4,Vase|6|22,vase.n.01,Vase_Medium_1,other_asset_id,False,NOT_ATTEMPTED_AFTER_STOP
ObjectNavType/val/014490/raw_navigation_camera__0.mp4,Bowl|2|6,bowl.n.03,Bowl_21,other_asset_id,False,NOT_ATTEMPTED_AFTER_STOP
ObjectNavType/val/014490/raw_navigation_camera__0.mp4,Bowl|7|49,bowl.n.03,Bowl_24,other_asset_id,False,NOT_ATTEMPTED_AFTER_STOP
ObjectNavType/val/014496/raw_navigation_camera__0.mp4,floor-house-plant|2|3|0,houseplant.n.01,Houseplant_29,other_asset_id,False,NOT_ATTEMPTED_AFTER_STOP
ObjectNavType/val/014496/raw_navigation_camera__0.mp4,floor-house-plant|4|3|0,houseplant.n.01,Houseplant_18,other_asset_id,False,NOT_ATTEMPTED_AFTER_STOP
ObjectNavType/val/014496/raw_navigation_camera__0.mp4,floor-house-plant|5|4|0,houseplant.n.01,Houseplant_6,other_asset_id,False,NOT_ATTEMPTED_AFTER_STOP
ObjectNavType/val/014496/raw_navigation_camera__0.mp4,floor-house-plant|6|5|0,houseplant.n.01,Houseplant_17,other_asset_id,False,NOT_ATTEMPTED_AFTER_STOP
ObjectNavType/val/014499/raw_navigation_camera__0.mp4,Toilet|7|1,toilet.n.02,Toilet_2,other_asset_id,False,NOT_ATTEMPTED_AFTER_STOP
ObjectNavType/val/014506/raw_navigation_camera__0.mp4,Toilet|2|1,toilet.n.02,Toilet_2,other_asset_id,False,NOT_ATTEMPTED_AFTER_STOP
ObjectNavType/val/014510/raw_navigation_camera__0.mp4,ObjaLaptop|3|12,laptop.n.01,ef18ca96fff24272916d706db1f63d5a,hex32_asset_id,True,NOT_ATTEMPTED_AFTER_STOP
ObjectNavType/val/014537/raw_navigation_camera__0.mp4,SprayBottle|5|20,atomizer.n.01,Spray_Bottle_7,other_asset_id,False,NOT_ATTEMPTED_AFTER_STOP
ObjectNavType/val/014537/raw_navigation_camera__0.mp4,SprayBottle|6|31,atomizer.n.01,Spray_Bottle_7,other_asset_id,False,NOT_ATTEMPTED_AFTER_STOP
ObjectNavType/val/014544/raw_navigation_camera__0.mp4,television|3|1|1,television_receiver.n.01,Television_17,other_asset_id,False,NOT_ATTEMPTED_AFTER_STOP
ObjectNavType/val/014561/raw_navigation_camera__0.mp4,Bowl|4|7,bowl.n.03,Bowl_10,other_asset_id,False,NOT_ATTEMPTED_AFTER_STOP
ObjectNavType/val/014561/raw_navigation_camera__0.mp4,Bowl|8|42,bowl.n.03,Bowl_20,other_asset_id,False,NOT_ATTEMPTED_AFTER_STOP
ObjectNavType/val/014561/raw_navigation_camera__0.mp4,Bowl|9|57,bowl.n.03,Bowl_12,other_asset_id,False,NOT_ATTEMPTED_AFTER_STOP
ObjectNavType/val/014563/raw_navigation_camera__0.mp4,HousePlant|6|20,houseplant.n.01,Houseplant_25,other_asset_id,False,NOT_ATTEMPTED_AFTER_STOP
ObjectNavType/val/014563/raw_navigation_camera__0.mp4,floor-house-plant|4|4|0,houseplant.n.01,Houseplant_6,other_asset_id,False,NOT_ATTEMPTED_AFTER_STOP
ObjectNavType/val/014563/raw_navigation_camera__0.mp4,floor-house-plant|7|4|0,houseplant.n.01,Houseplant_7,other_asset_id,False,NOT_ATTEMPTED_AFTER_STOP
ObjectNavType/val/014568/raw_navigation_camera__0.mp4,SprayBottle|7|28,atomizer.n.01,Spray_Bottle_5,other_asset_id,False,NOT_ATTEMPTED_AFTER_STOP
ObjectNavType/val/014592/raw_navigation_camera__0.mp4,4|5,television_receiver.n.01,Television_25,other_asset_id,False,NOT_ATTEMPTED_AFTER_STOP
ObjectNavType/val/014592/raw_navigation_camera__0.mp4,television-sofa|3|0|2,television_receiver.n.01,Television_6,other_asset_id,False,NOT_ATTEMPTED_AFTER_STOP
ObjectNavType/val/014592/raw_navigation_camera__0.mp4,television|7|5|1,television_receiver.n.01,Television_19,other_asset_id,False,NOT_ATTEMPTED_AFTER_STOP
ObjectNavType/val/014592/raw_navigation_camera__0.mp4,television|8|2|1,television_receiver.n.01,Television_24,other_asset_id,False,NOT_ATTEMPTED_AFTER_STOP
ObjectNavType/val/014604/raw_navigation_camera__0.mp4,Toilet|3|1,toilet.n.02,Toilet_1,other_asset_id,False,NOT_ATTEMPTED_AFTER_STOP
ObjectNavType/val/014635/raw_navigation_camera__0.mp4,Bed|2|0,bed.n.01,Bed_18_1,other_asset_id,False,NOT_ATTEMPTED_AFTER_STOP
ObjectNavType/val/014636/raw_navigation_camera__0.mp4,AlarmClock|7|63,alarm_clock.n.01,Alarm_Clock_23,other_asset_id,False,NOT_ATTEMPTED_AFTER_STOP
ObjectNavType/val/014643/raw_navigation_camera__0.mp4,chair-diningtable-2|6|4|1,straight_chair.n.01,RoboTHOR_office_chair_skruvsta,other_asset_id,False,NOT_ATTEMPTED_AFTER_STOP
ObjectNavType/val/014643/raw_navigation_camera__0.mp4,chair-diningtable-2|6|4|2,straight_chair.n.01,RoboTHOR_office_chair_skruvsta,other_asset_id,False,NOT_ATTEMPTED_AFTER_STOP
ObjectNavType/val/014643/raw_navigation_camera__0.mp4,chair-diningtable-3|4|3|1,straight_chair.n.01,RoboTHOR_office_chair_volmar,other_asset_id,False,NOT_ATTEMPTED_AFTER_STOP
ObjectNavType/val/014643/raw_navigation_camera__0.mp4,chair-diningtable-3|4|3|2,straight_chair.n.01,RoboTHOR_office_chair_volmar,other_asset_id,False,NOT_ATTEMPTED_AFTER_STOP
ObjectNavType/val/014643/raw_navigation_camera__0.mp4,chair-diningtable-3|4|3|3,straight_chair.n.01,RoboTHOR_office_chair_volmar,other_asset_id,False,NOT_ATTEMPTED_AFTER_STOP
ObjectNavType/val/014684/raw_navigation_camera__0.mp4,Apple|8|42,apple.n.01,Apple_21,other_asset_id,False,NOT_ATTEMPTED_AFTER_STOP
ObjectNavType/val/014702/raw_navigation_camera__0.mp4,AlarmClock|6|24,alarm_clock.n.01,Alarm_Clock_4,other_asset_id,False,NOT_ATTEMPTED_AFTER_STOP
ObjectNavType/val/014702/raw_navigation_camera__0.mp4,ObjaAlarmClock|6|21,alarm_clock.n.01,f1d4f2b1b350433eabdbe6b7aa7b5132,hex32_asset_id,True,NOT_ATTEMPTED_AFTER_STOP
ObjectNavType/val/014728/raw_navigation_camera__0.mp4,Apple|6|9,apple.n.01,Apple_15,other_asset_id,False,NOT_ATTEMPTED_AFTER_STOP
ObjectNavType/val/014765/raw_navigation_camera__0.mp4,AlarmClock|6|40,alarm_clock.n.01,Alarm_Clock_4,other_asset_id,False,NOT_ATTEMPTED_AFTER_STOP
ObjectNavType/val/014765/raw_navigation_camera__0.mp4,AlarmClock|7|54,alarm_clock.n.01,Alarm_Clock_21,other_asset_id,False,NOT_ATTEMPTED_AFTER_STOP
ObjectNavType/val/014774/raw_navigation_camera__0.mp4,double-pillow|4|0|0,bed.n.01,Bed_19,other_asset_id,False,NOT_ATTEMPTED_AFTER_STOP
ObjectNavType/val/014782/raw_navigation_camera__0.mp4,single-pillow|2|0|0,bed.n.01,Bed_8,other_asset_id,False,NOT_ATTEMPTED_AFTER_STOP
ObjectNavType/val/014788/raw_navigation_camera__0.mp4,television|7|1|1,television_receiver.n.01,Television_23,other_asset_id,False,NOT_ATTEMPTED_AFTER_STOP
ObjectNavType/val/014807/raw_navigation_camera__0.mp4,Bed|2|0,bed.n.01,Bed_21,other_asset_id,False,NOT_ATTEMPTED_AFTER_STOP
ObjectNavType/val/014811/raw_navigation_camera__0.mp4,Toilet|7|1,toilet.n.02,Toilet_2,other_asset_id,False,NOT_ATTEMPTED_AFTER_STOP
ObjectNavType/val/014840/raw_navigation_camera__0.mp4,Toilet|2|1,toilet.n.02,Toilet_1,other_asset_id,False,NOT_ATTEMPTED_AFTER_STOP
ObjectNavType/val/014854/raw_navigation_camera__0.mp4,SprayBottle|5|13,atomizer.n.01,Spray_Bottle_7,other_asset_id,False,NOT_ATTEMPTED_AFTER_STOP
ObjectNavType/val/014854/raw_navigation_camera__0.mp4,SprayBottle|8|49,atomizer.n.01,Spray_Bottle_5,other_asset_id,False,NOT_ATTEMPTED_AFTER_STOP
ObjectNavType/val/014891/raw_navigation_camera__0.mp4,television|7|0|1,television_receiver.n.01,Television_15,other_asset_id,False,NOT_ATTEMPTED_AFTER_STOP
ObjectNavType/val/014895/raw_navigation_camera__0.mp4,AlarmClock|4|10,alarm_clock.n.01,Alarm_Clock_20,other_asset_id,False,NOT_ATTEMPTED_AFTER_STOP
ObjectNavType/val/014901/raw_navigation_camera__0.mp4,chair-diningtable-2|3|2|1,straight_chair.n.01,Chair_223_1,other_asset_id,False,NOT_ATTEMPTED_AFTER_STOP
ObjectNavType/val/014901/raw_navigation_camera__0.mp4,chair-diningtable-2|3|2|2,straight_chair.n.01,Chair_223_1,other_asset_id,False,NOT_ATTEMPTED_AFTER_STOP
ObjectNavType/val/014915/raw_navigation_camera__0.mp4,Bed|6|1,bed.n.01,Bed_20,other_asset_id,False,NOT_ATTEMPTED_AFTER_STOP
ObjectNavType/val/014915/raw_navigation_camera__0.mp4,Bed|7|0,bed.n.01,Bed_22,other_asset_id,False,NOT_ATTEMPTED_AFTER_STOP
ObjectNavType/val/014915/raw_navigation_camera__0.mp4,Bed|8|0,bed.n.01,RoboTHOR_bed_meldal,other_asset_id,False,NOT_ATTEMPTED_AFTER_STOP
ObjectNavType/val/014916/raw_navigation_camera__0.mp4,television|7|1|1,television_receiver.n.01,Television_8,other_asset_id,False,NOT_ATTEMPTED_AFTER_STOP
ObjectNavType/val/014932/raw_navigation_camera__0.mp4,Bowl|3|20,bowl.n.03,Bowl_11,other_asset_id,False,NOT_ATTEMPTED_AFTER_STOP
ObjectNavType/val/014945/raw_navigation_camera__0.mp4,SprayBottle|2|14,atomizer.n.01,Spray_Bottle_2,other_asset_id,False,NOT_ATTEMPTED_AFTER_STOP
ObjectNavType/val/014947/raw_navigation_camera__0.mp4,Laptop|9|46,laptop.n.01,Laptop_5,other_asset_id,False,NOT_ATTEMPTED_AFTER_STOP
ObjectNavType/val/014947/raw_navigation_camera__0.mp4,ObjaLaptop|4|0,laptop.n.01,ef18ca96fff24272916d706db1f63d5a,hex32_asset_id,True,NOT_ATTEMPTED_AFTER_STOP
ObjectNavType/val/014975/raw_navigation_camera__0.mp4,GarbageCan|3|2,ashcan.n.01,bin_19,other_asset_id,False,NOT_ATTEMPTED_AFTER_STOP
ObjectNavType/val/014975/raw_navigation_camera__0.mp4,ObjaTrashCan|3|3,ashcan.n.01,15f59272a388445d9a1a4123aa9e7de2,hex32_asset_id,True,NOT_ATTEMPTED_AFTER_STOP
ObjectNavType/val/014988/raw_navigation_camera__0.mp4,Apple|6|7,apple.n.01,Apple_13,other_asset_id,False,NOT_ATTEMPTED_AFTER_STOP
