sub_house_id,task_key,house_index,success,eps_len,historical_end_step_0based,final_executed_action,confirmed_failed_end,confirmation_source,trace_sha256,video_sha256,eligible
0,ObjectNavType/val/000420/raw_navigation_camera__0.mp4,420,False,8,7,end,True,research/handoffs/premature-end-dynamics-001-20260923/trace_sub0.csv,4489e24e88ae51661f9415ca63692f2bbc4cf7c9fa9736f45a8638037e83e648,c89fcd58f4cc3948cd30678032fede7af85a25e4682857a4bcfcc7c872be1dce,True
3,ObjectNavType/val/001730/raw_navigation_camera__0.mp4,1730,False,53,52,end,True,research/handoffs/premature-end-dynamics-001-20260923/trace_sub3.csv,1620c62b694c97637d8e350ac7da08b526f5d4bae66801f00c8ca425d3e64ca5,94094c6719f8932aa43ef1b104c186f29f6b16270e6a37dd38d92f0bb1d0a852,True
4,ObjectNavType/val/001852/raw_navigation_camera__0.mp4,1852,False,187,186,end,True,research/handoffs/premature-end-dynamics-001-20260923/trace_sub4.csv,361b45a200ee86aee1e420d7314c7fcc556d70b3adc747782d15dd906e5280d3,0ac268643e08b1d108bb929b24767ffff2e806b1483c06a475052a766185696b,True
6,ObjectNavType/val/002986/raw_navigation_camera__0.mp4,2986,False,47,46,end,True,research/handoffs/premature-end-dynamics-001-20260923/trace_sub6.csv,b460405b9154eabdbce56822114c8350f066696b8d76a71878c10a6d88492e47,684cddab6f449c1ecd1d7727fde266dc6cecadc82cca27e1132c7c00eae716d5,True
13,ObjectNavType/val/008224/raw_navigation_camera__0.mp4,8224,False,179,178,end,True,research/handoffs/premature-end-dynamics-001-20260923/trace_sub13.csv,68a0dec92f675bd18f285e6c7d952040dee3f5bc62e2f359671d6036166fb268,0f6ead1168b796d7c4c7faf1572b0ff1aa0a535c3abcda5d4d6c5790e5109ff1,True
24,ObjectNavType/val/010248/raw_navigation_camera__0.mp4,10248,False,377,376,end,True,research/handoffs/premature-end-dynamics-001-20260923/trace_sub24.csv,16b5561b2be4851a708751b8ff2fae844551232fa15109b5519739a922182c23,12fd766f54c1dbb65db7054acb30ed8a5d3a12eb9f8f80b72496c04a7dc62207,True
46,ObjectNavType/val/013943/raw_navigation_camera__0.mp4,13943,False,184,183,end,True,research/handoffs/premature-end-dynamics-001-20260923/trace_sub46.csv,88e65d67ce9035a62a1bc6e640e857169a2997922bc926d8b63d06da4d7e0a94,180565b3c2375874d56a6d1889b469ef2661b6d4e5b16331d1c76443e1986bf9,True
55,ObjectNavType/val/011295/raw_navigation_camera__0.mp4,11295,False,2,1,end,True,research/handoffs/premature-end-dynamics-001-20260923/trace_sub55.csv,2294603465b6d948654dc09ab88d5461787a8cdf8ada0fb227940ee646b77789,0082858986d73a848b0d566da2ff755555d152bb52ca8729a7223c2b9c62a8cb,True
68,ObjectNavType/val/012479/raw_navigation_camera__0.mp4,12479,False,16,15,end,True,research/handoffs/premature-end-dynamics-001-20260923/trace_sub68.csv,9fd22c0c1aadd790c47fdd3dd722d962d30ddd53d3be6e097564ef3679361ab7,bbc231219b57e4f08bf434ade9f95a095490f25a340498d16497435196662ba5,True
87,ObjectNavType/val/013623/raw_navigation_camera__0.mp4,13623,False,136,135,end,True,research/handoffs/premature-end-dynamics-001-20260923/trace_sub87.csv,54533dc37a8df40319077fb7a17ccbd3a4b079389ec366b47493a432f2dda2a6,f57a072dcc55f42aef6846d2a790e29efc62b9f493e2985afc735801e438220f,True
110,ObjectNavType/val/013458/raw_navigation_camera__0.mp4,13458,False,99,98,end,True,research/handoffs/premature-end-dynamics-001-20260923/trace_sub110.csv,1ceaa4a11da9ac9d78bce6674515ffa477882bb67db611cbd0cd2755485be2e3,fc2d84d8ec109038250ca5807680ec5172446a2889b1747d3726eccc9f9a7fa2,True
117,ObjectNavType/val/013975/raw_navigation_camera__0.mp4,13975,False,181,180,end,True,research/handoffs/premature-end-dynamics-001-20260923/trace_sub117.csv,312cb1edb4ff3e984f83251f2992d2c811760d9f789c1d4b9f6247ba3b0d16af,75a7b9021a73f51ced9aef7bb89ab1f4c76994eda62876f09201f73345a8a409,True
125,ObjectNavType/val/014286/raw_navigation_camera__0.mp4,14286,False,197,196,end,True,research/handoffs/premature-end-dynamics-001-20260923/trace_sub125.csv,0c830c9b34ecde8661e216ced7aa9c3c1ca25c89f0dfc6917dccc2ce92cc689a,e8b8b66ec8648204e9d5c411666e027baf565227a00fa297c4d93337a4636633,True
175,ObjectNavType/val/013708/raw_navigation_camera__0.mp4,13708,False,131,130,end,True,research/handoffs/premature-end-dynamics-001-20260923/trace_sub175.csv,77a622b8672bd016761ba18b0c3e23ca01502d885db331d4c90d2335cdb2370a,75c6e850df34eb1c4dab0188ee8ccaebc00f22b7de249a1c3ee1b2ed533594e2,True
176,ObjectNavType/val/014702/raw_navigation_camera__0.mp4,14702,False,450,449,end,True,research/handoffs/premature-end-dynamics-001-20260923/trace_sub176.csv,622d180c2c76fe373a555e90fe0172ce289d5a85948ed10d773f857421243a09,a4dc942c5e0217135baa793a40ae669e9f262dca598f52d9ddea0d0c4a913b49,True
196,ObjectNavType/val/014568/raw_navigation_camera__0.mp4,14568,False,113,112,end,True,research/handoffs/premature-end-dynamics-001-20260923/trace_sub196.csv,4e00e8a6a318b9693f6cea765a8f7083c5ab29552deb4862603086b1e53df7e3,7cc6df0eff43d9610ca4364789dfa22d37be5a5e2a24bf69175d936161d52bab,True
